customer_id,avg_monthly_usage,support_tickets
C000001,179.3,3
C000002,164.3,0
C000003,253.3,1
C000004,68.2,1
C000005,253.9,5
C000006,410.6,0
C000007,202.1,7
C000008,336.4,0
C000009,367.5,1
C000010,181.1,0
C000011,264.3,6
C000012,278.3,0
C000013,308.3,0
C000014,314.1,0
C000015,339.8,2
C000016,187.4,1
C000017,263.9,1
C000018,368.6,0
C000019,377.2,2
C000020,268.0,0
C000021,207.5,2
C000022,332.8,0
C000023,292.9,5
C000024,291.2,0
C000025,312.1,1
C000026,173.9,1
C000027,317.8,6
C000028,262.4,3
C000029,341.3,1
C000030,251.6,1
C000031,296.7,7
C000032,286.6,0
C000033,206.3,4
C000034,177.9,1
C000035,314.5,0
C000036,181.5,0
C000037,223.1,2
C000038,220.7,0
C000039,279.4,2
C000040,304.1,3
C000041,125.5,3
C000042,192.0,0
C000043,188.2,2
C000044,231.8,0
C000045,90.6,3
C000046,340.7,1
C000047,254.8,1
C000048,239.3,1
C000049,310.4,1
C000050,291.4,1
C000051,290.5,4
C000052,248.7,0
C000053,258.4,1
C000054,317.5,0
C000055,292.6,1
C000056,388.3,1
C000057,261.2,0
C000058,302.1,0
C000059,240.2,1
C000060,275.9,2
C000061,280.1,4
C000062,214.5,0
C000063,198.3,0
C000064,301.3,2
C000065,286.4,1
C000066,367.4,0
C000067,250.4,1
C000068,170.4,0
C000069,250.9,0
C000070,311.6,2
C000071,80.3,1
C000072,249.5,0
C000073,303.3,1
C000074,268.8,2
C000075,221.3,0
C000076,153.8,1
C000077,249.0,1
C000078,152.1,1
C000079,303.8,1
C000080,254.9,1
C000081,369.6,1
C000082,93.7,0
C000083,222.8,2
C000084,308.7,5
C000085,341.4,0
C000086,311.9,0
C000087,173.8,0
C000088,211.5,4
C000089,71.1,0
C000090,253.6,0
C000091,343.1,0
C000092,250.6,2
C000093,296.1,0
C000094,294.0,2
C000095,224.7,1
C000096,55.5,2
C000097,357.3,1
C000098,284.6,3
C000099,149.9,3
C000100,279.7,3
C000101,266.0,2
C000102,354.9,5
C000103,287.8,2
C000104,288.1,2
C000105,265.9,1
C000106,188.4,2
C000107,303.8,4
C000108,248.0,0
C000109,173.8,2
C000110,197.3,0
C000111,159.1,3
C000112,334.8,0
C000113,408.3,1
C000114,342.4,1
C000115,280.1,1
C000116,244.8,0
C000117,226.7,1
C000118,171.1,1
C000119,405.7,1
C000120,167.3,1
C000121,182.0,1
C000122,234.4,1
C000123,241.0,1
C000124,298.2,3
C000125,196.1,1
C000126,90.9,1
C000127,231.5,2
C000128,236.9,4
C000129,230.4,1
C000130,229.3,0
C000131,222.0,1
C000132,144.0,2
C000133,367.0,1
C000134,362.4,0
C000135,361.6,1
C000136,155.2,0
C000137,282.3,1
C000138,216.2,2
C000139,211.8,0
C000140,175.7,2
C000141,455.2,2
C000142,230.1,1
C000143,176.2,1
C000144,261.1,0
C000145,311.1,4
C000146,238.7,2
C000147,269.5,1
C000148,330.2,8
C000149,173.6,2
C000150,264.2,6
C000151,198.9,1
C000152,188.1,8
C000153,390.2,0
C000154,242.8,3
C000155,165.0,1
C000156,241.1,1
C000157,153.2,1
C000158,232.6,5
C000159,195.7,1
C000160,290.9,1
C000161,405.0,2
C000162,236.0,0
C000163,198.7,2
C000164,257.3,1
C000165,369.3,2
C000166,291.3,0
C000167,238.7,4
C000168,84.7,4
C000169,245.8,1
C000170,312.1,1
C000171,326.6,0
C000172,354.9,0
C000173,196.0,1
C000174,217.8,1
C000175,240.4,2
C000176,306.8,0
C000177,228.9,0
C000178,292.0,2
C000179,219.3,1
C000180,193.5,2
C000181,338.8,0
C000182,275.0,0
C000183,309.7,0
C000184,233.5,4
C000185,314.3,3
C000186,165.0,2
C000187,177.7,1
C000188,325.4,3
C000189,244.4,0
C000190,230.3,5
C000191,176.4,2
C000192,314.4,2
C000193,399.2,0
C000194,298.6,2
C000195,214.1,0
C000196,360.9,1
C000197,278.8,1
C000198,215.4,0
C000199,352.1,11
C000200,235.6,8
C000201,134.6,1
C000202,224.6,0
C000203,292.6,0
C000204,192.6,3
C000205,100.2,0
C000206,367.6,4
C000207,489.5,1
C000208,212.0,1
C000209,199.6,2
C000210,142.2,0
C000211,184.3,0
C000212,127.8,1
C000213,145.6,3
C000214,250.2,1
C000215,123.7,2
C000216,132.5,1
C000217,266.6,3
C000218,200.6,4
C000219,278.5,1
C000220,222.6,2
C000221,235.2,0
C000222,312.4,3
C000223,206.1,0
C000224,306.8,2
C000225,216.4,0
C000226,184.3,1
C000227,164.1,0
C000228,117.5,2
C000229,150.8,1
C000230,108.1,0
C000231,170.4,2
C000232,315.7,0
C000233,249.3,1
C000234,219.0,6
C000235,194.7,0
C000236,243.5,1
C000237,252.4,0
C000238,160.8,1
C000239,287.1,4
C000240,223.9,2
C000241,273.7,6
C000242,247.4,2
C000243,136.5,1
C000244,354.1,1
C000245,249.1,3
C000246,220.6,1
C000247,296.6,2
C000248,157.4,0
C000249,124.1,3
C000250,294.5,0
C000251,341.7,2
C000252,272.9,0
C000253,314.5,1
C000254,148.7,1
C000255,221.3,2
C000256,197.4,2
C000257,332.2,3
C000258,289.5,6
C000259,332.5,1
C000260,200.6,0
C000261,159.5,3
C000262,356.3,1
C000263,252.1,1
C000264,335.2,6
C000265,244.8,2
C000266,426.3,2
C000267,344.2,1
C000268,237.2,1
C000269,251.6,2
C000270,251.9,0
C000271,159.1,2
C000272,211.4,2
C000273,205.4,0
C000274,268.6,4
C000275,184.8,1
C000276,238.0,1
C000277,220.7,1
C000278,256.1,1
C000279,367.4,1
C000280,337.6,5
C000281,145.2,2
C000282,245.9,1
C000283,225.8,1
C000284,198.3,1
C000285,422.2,1
C000286,207.9,1
C000287,213.4,0
C000288,390.4,0
C000289,327.5,5
C000290,214.5,2
C000291,310.8,1
C000292,230.8,1
C000293,236.2,4
C000294,185.6,0
C000295,55.4,2
C000296,136.0,0
C000297,161.6,3
C000298,283.5,0
C000299,262.3,0
C000300,336.9,0
C000301,153.7,7
C000302,392.9,2
C000303,385.5,2
C000304,252.8,1
C000305,195.1,0
C000306,199.2,1
C000307,265.9,1
C000308,400.6,1
C000309,242.4,1
C000310,123.4,0
C000311,401.6,1
C000312,218.0,1
C000313,366.3,1
C000314,300.1,4
C000315,238.1,2
C000316,327.3,2
C000317,191.2,1
C000318,226.7,1
C000319,207.5,1
C000320,233.9,6
C000321,293.8,2
C000322,293.2,0
C000323,125.6,1
C000324,207.2,1
C000325,221.0,3
C000326,296.9,1
C000327,138.0,1
C000328,306.5,3
C000329,159.9,0
C000330,269.9,0
C000331,339.2,2
C000332,151.8,1
C000333,269.3,2
C000334,235.2,1
C000335,171.8,1
C000336,152.0,3
C000337,193.4,1
C000338,185.2,0
C000339,233.6,1
C000340,215.9,2
C000341,283.9,2
C000342,314.7,0
C000343,127.7,6
C000344,229.9,0
C000345,174.0,0
C000346,163.2,1
C000347,124.5,0
C000348,118.6,0
C000349,208.5,0
C000350,281.4,0
C000351,281.1,0
C000352,165.8,2
C000353,157.7,7
C000354,269.1,1
C000355,215.5,2
C000356,321.2,1
C000357,161.1,0
C000358,101.4,1
C000359,299.0,0
C000360,98.8,0
C000361,134.3,2
C000362,196.5,1
C000363,227.2,2
C000364,298.1,0
C000365,168.9,0
C000366,355.4,5
C000367,128.7,6
C000368,220.2,0
C000369,316.4,4
C000370,320.6,3
C000371,50.0,1
C000372,466.6,2
C000373,224.2,1
C000374,272.3,0
C000375,223.3,6
C000376,420.8,0
C000377,353.1,2
C000378,418.6,3
C000379,287.9,2
C000380,323.0,1
C000381,166.4,0
C000382,228.8,0
C000383,323.0,9
C000384,275.5,4
C000385,258.5,5
C000386,187.9,1
C000387,343.2,1
C000388,342.1,0
C000389,333.4,7
C000390,273.4,2
C000391,250.8,1
C000392,339.9,0
C000393,324.9,0
C000394,178.6,1
C000395,275.3,1
C000396,302.6,6
C000397,196.2,0
C000398,322.3,0
C000399,307.4,3
C000400,216.7,1
C000401,141.5,1
C000402,296.9,4
C000403,407.2,2
C000404,270.4,1
C000405,301.3,2
C000406,156.8,0
C000407,246.2,2
C000408,241.1,2
C000409,179.1,7
C000410,285.2,2
C000411,282.1,0
C000412,226.5,0
C000413,249.0,3
C000414,414.2,4
C000415,200.4,1
C000416,159.5,0
C000417,157.6,0
C000418,269.9,4
C000419,50.0,1
C000420,209.2,0
C000421,172.5,1
C000422,245.4,2
C000423,245.8,0
C000424,277.6,0
C000425,299.2,0
C000426,341.3,0
C000427,221.7,0
C000428,196.7,0
C000429,318.2,0
C000430,117.3,0
C000431,310.6,0
C000432,261.4,0
C000433,285.9,1
C000434,279.2,0
C000435,260.9,3
C000436,264.2,1
C000437,161.2,3
C000438,197.9,0
C000439,392.2,3
C000440,303.8,0
C000441,334.8,1
C000442,222.4,1
C000443,256.3,0
C000444,292.1,6
C000445,346.5,0
C000446,237.8,3
C000447,288.2,1
C000448,306.9,6
C000449,324.8,0
C000450,233.9,1
C000451,352.5,2
C000452,136.2,1
C000453,159.6,0
C000454,288.5,3
C000455,286.3,0
C000456,231.2,3
C000457,214.6,0
C000458,215.7,1
C000459,178.1,5
C000460,246.4,2
C000461,125.5,1
C000462,340.6,5
C000463,280.6,0
C000464,353.5,1
C000465,262.9,1
C000466,247.0,0
C000467,260.0,3
C000468,194.0,4
C000469,150.5,0
C000470,171.2,3
C000471,215.9,1
C000472,179.3,1
C000473,357.9,0
C000474,193.6,1
C000475,281.5,6
C000476,296.7,1
C000477,349.0,2
C000478,304.5,0
C000479,236.1,2
C000480,386.5,2
C000481,150.5,2
C000482,174.8,2
C000483,267.6,1
C000484,256.9,0
C000485,315.4,2
C000486,262.8,0
C000487,279.5,2
C000488,329.7,3
C000489,261.3,5
C000490,304.4,0
C000491,189.5,0
C000492,194.8,4
C000493,320.5,0
C000494,259.7,1
C000495,263.5,1
C000496,194.5,2
C000497,217.3,1
C000498,272.9,2
C000499,225.9,3
C000500,181.0,2
C000501,182.0,1
C000502,199.0,2
C000503,222.9,0
C000504,227.9,0
C000505,375.5,2
C000506,323.9,2
C000507,273.8,2
C000508,399.0,1
C000509,240.8,1
C000510,288.0,0
C000511,276.3,1
C000512,287.8,0
C000513,190.1,1
C000514,225.6,1
C000515,185.1,0
C000516,282.6,6
C000517,250.3,3
C000518,99.4,0
C000519,291.1,0
C000520,267.3,3
C000521,386.3,0
C000522,324.2,0
C000523,339.0,1
C000524,159.7,1
C000525,339.5,3
C000526,234.4,0
C000527,194.6,1
C000528,62.4,4
C000529,355.1,4
C000530,227.2,1
C000531,240.2,1
C000532,275.7,0
C000533,399.0,5
C000534,231.9,0
C000535,248.8,4
C000536,327.5,1
C000537,227.7,4
C000538,183.5,0
C000539,74.9,0
C000540,356.9,4
C000541,269.1,4
C000542,293.7,0
C000543,211.1,1
C000544,304.4,1
C000545,203.3,1
C000546,263.0,2
C000547,258.6,1
C000548,340.3,1
C000549,301.8,1
C000550,199.9,0
C000551,298.1,0
C000552,220.6,0
C000553,185.0,0
C000554,294.1,7
C000555,265.5,1
C000556,154.3,4
C000557,208.8,1
C000558,309.6,0
C000559,281.1,0
C000560,284.5,1
C000561,397.6,1
C000562,329.7,1
C000563,240.7,2
C000564,217.7,1
C000565,195.6,2
C000566,213.2,1
C000567,122.1,4
C000568,152.7,0
C000569,302.6,2
C000570,372.8,2
C000571,254.4,0
C000572,193.8,1
C000573,50.0,0
C000574,386.3,2
C000575,142.9,1
C000576,132.2,0
C000577,226.2,1
C000578,246.6,0
C000579,250.8,0
C000580,181.6,1
C000581,283.3,0
C000582,208.3,0
C000583,210.2,2
C000584,227.7,6
C000585,195.8,0
C000586,149.7,0
C000587,154.9,2
C000588,161.6,0
C000589,286.5,4
C000590,281.9,0
C000591,228.5,5
C000592,232.5,0
C000593,343.4,3
C000594,291.1,0
C000595,375.2,0
C000596,203.8,4
C000597,156.8,4
C000598,329.8,2
C000599,248.4,4
C000600,185.8,0
C000601,289.1,0
C000602,193.6,4
C000603,305.1,2
C000604,288.9,0
C000605,231.9,1
C000606,115.1,3
C000607,176.1,0
C000608,371.5,4
C000609,389.6,0
C000610,457.5,1
C000611,282.0,1
C000612,162.8,2
C000613,357.1,4
C000614,228.9,2
C000615,195.4,1
C000616,276.8,0
C000617,401.8,0
C000618,241.6,2
C000619,251.4,1
C000620,127.4,2
C000621,258.6,3
C000622,303.2,4
C000623,243.0,3
C000624,248.9,0
C000625,268.0,3
C000626,166.1,3
C000627,67.8,1
C000628,241.7,1
C000629,232.0,3
C000630,295.6,0
C000631,441.8,1
C000632,353.7,1
C000633,85.4,5
C000634,451.7,1
C000635,303.1,1
C000636,228.8,0
C000637,368.1,5
C000638,50.0,0
C000639,206.4,1
C000640,265.8,2
C000641,255.4,2
C000642,371.1,2
C000643,344.4,5
C000644,304.6,2
C000645,227.8,1
C000646,326.9,0
C000647,202.2,6
C000648,311.8,4
C000649,191.7,1
C000650,273.5,2
C000651,133.5,3
C000652,332.8,1
C000653,214.4,1
C000654,140.5,6
C000655,172.9,1
C000656,225.5,2
C000657,177.0,1
C000658,307.6,2
C000659,227.8,3
C000660,324.8,4
C000661,227.4,0
C000662,307.4,5
C000663,250.7,0
C000664,229.2,0
C000665,166.7,1
C000666,255.4,1
C000667,308.8,0
C000668,195.0,1
C000669,249.0,2
C000670,205.9,2
C000671,404.9,0
C000672,275.0,1
C000673,257.2,2
C000674,211.1,4
C000675,320.7,0
C000676,249.9,1
C000677,244.8,1
C000678,244.1,3
C000679,161.5,0
C000680,369.7,1
C000681,323.6,0
C000682,250.7,1
C000683,241.8,0
C000684,179.5,1
C000685,131.9,1
C000686,179.5,5
C000687,341.5,1
C000688,219.1,1
C000689,336.6,7
C000690,247.6,1
C000691,180.5,2
C000692,191.3,2
C000693,269.7,0
C000694,120.4,0
C000695,188.6,0
C000696,213.7,1
C000697,315.6,0
C000698,272.6,0
C000699,265.0,1
C000700,287.1,0
C000701,332.7,3
C000702,254.0,1
C000703,167.3,6
C000704,265.0,0
C000705,182.8,7
C000706,84.5,0
C000707,265.1,3
C000708,291.3,0
C000709,277.7,3
C000710,290.4,2
C000711,339.2,1
C000712,172.5,3
C000713,219.0,0
C000714,147.0,2
C000715,285.9,2
C000716,348.3,5
C000717,206.4,4
C000718,307.8,1
C000719,188.5,1
C000720,301.6,5
C000721,71.3,3
C000722,371.8,2
C000723,162.8,1
C000724,263.5,1
C000725,362.4,0
C000726,156.6,0
C000727,390.8,0
C000728,418.2,0
C000729,305.1,0
C000730,251.3,4
C000731,235.2,1
C000732,295.9,2
C000733,309.7,4
C000734,89.0,5
C000735,227.2,1
C000736,203.2,1
C000737,191.6,1
C000738,193.2,1
C000739,146.5,1
C000740,374.0,3
C000741,203.0,6
C000742,238.4,2
C000743,225.0,1
C000744,206.1,0
C000745,283.4,1
C000746,225.0,1
C000747,298.4,2
C000748,375.6,1
C000749,162.0,2
C000750,275.8,0
C000751,273.5,0
C000752,156.0,3
C000753,301.7,1
C000754,229.0,2
C000755,376.3,1
C000756,329.9,2
C000757,250.0,1
C000758,232.7,1
C000759,388.6,4
C000760,203.7,3
C000761,271.2,2
C000762,244.8,2
C000763,345.6,4
C000764,351.7,1
C000765,293.4,4
C000766,207.8,3
C000767,237.5,0
C000768,151.6,1
C000769,269.9,0
C000770,185.5,1
C000771,429.1,0
C000772,206.2,5
C000773,332.1,1
C000774,372.3,2
C000775,316.3,0
C000776,209.5,0
C000777,203.8,3
C000778,485.5,1
C000779,407.9,0
C000780,274.3,0
C000781,222.9,1
C000782,180.4,1
C000783,200.4,1
C000784,306.8,0
C000785,435.0,5
C000786,240.5,7
C000787,345.9,1
C000788,321.9,2
C000789,226.6,1
C000790,329.9,2
C000791,332.4,0
C000792,323.3,0
C000793,217.0,1
C000794,307.4,5
C000795,345.1,2
C000796,326.5,1
C000797,336.2,0
C000798,233.8,0
C000799,335.8,5
C000800,353.2,0
C000801,213.4,0
C000802,139.3,2
C000803,380.8,2
C000804,213.0,6
C000805,190.6,1
C000806,267.0,3
C000807,228.4,2
C000808,95.9,2
C000809,321.3,0
C000810,319.3,3
C000811,167.5,3
C000812,248.0,0
C000813,168.6,1
C000814,181.3,0
C000815,201.8,0
C000816,292.3,1
C000817,410.9,3
C000818,216.9,2
C000819,317.1,0
C000820,313.8,1
C000821,79.6,0
C000822,139.2,1
C000823,413.7,2
C000824,209.5,5
C000825,286.2,1
C000826,276.9,3
C000827,79.8,0
C000828,195.4,0
C000829,308.1,0
C000830,175.0,0
C000831,219.8,0
C000832,153.7,0
C000833,182.8,3
C000834,207.9,6
C000835,101.3,1
C000836,343.7,1
C000837,138.9,2
C000838,236.2,0
C000839,190.4,0
C000840,336.1,4
C000841,151.4,1
C000842,187.4,1
C000843,143.0,1
C000844,57.4,5
C000845,290.7,3
C000846,252.6,6
C000847,267.5,2
C000848,314.8,1
C000849,258.6,1
C000850,214.5,3
C000851,270.8,1
C000852,209.5,0
C000853,339.0,0
C000854,221.0,1
C000855,240.5,0
C000856,300.9,1
C000857,436.9,1
C000858,168.2,3
C000859,152.5,2
C000860,230.4,1
C000861,190.1,1
C000862,306.0,2
C000863,265.8,1
C000864,160.4,2
C000865,310.0,1
C000866,397.8,1
C000867,186.1,6
C000868,276.0,4
C000869,74.4,1
C000870,220.6,1
C000871,274.8,5
C000872,238.7,1
C000873,259.0,4
C000874,187.8,2
C000875,350.8,1
C000876,217.1,1
C000877,151.6,2
C000878,246.9,0
C000879,323.8,0
C000880,294.4,0
C000881,208.6,2
C000882,391.9,1
C000883,244.0,1
C000884,113.0,3
C000885,297.6,2
C000886,239.0,0
C000887,244.1,5
C000888,321.1,1
C000889,229.1,0
C000890,226.8,0
C000891,149.7,0
C000892,207.6,0
C000893,269.6,2
C000894,203.0,1
C000895,116.5,0
C000896,302.1,1
C000897,305.4,4
C000898,306.0,0
C000899,176.0,1
C000900,248.3,1
C000901,269.2,3
C000902,297.6,4
C000903,299.4,0
C000904,137.0,0
C000905,387.8,1
C000906,153.3,0
C000907,119.5,0
C000908,50.0,2
C000909,305.9,1
C000910,365.9,1
C000911,199.4,9
C000912,108.6,3
C000913,320.0,8
C000914,146.2,1
C000915,299.5,3
C000916,176.0,1
C000917,214.9,1
C000918,275.5,1
C000919,276.1,2
C000920,258.5,0
C000921,367.6,1
C000922,387.1,2
C000923,393.4,0
C000924,235.9,1
C000925,258.5,1
C000926,360.3,2
C000927,197.9,0
C000928,215.6,1
C000929,251.7,5
C000930,248.5,0
C000931,227.1,1
C000932,175.2,1
C000933,318.3,0
C000934,219.0,0
C000935,262.5,0
C000936,249.4,0
C000937,304.0,0
C000938,286.5,0
C000939,229.6,1
C000940,216.8,0
C000941,241.1,1
C000942,161.2,5
C000943,185.7,3
C000944,292.4,0
C000945,273.9,0
C000946,172.7,0
C000947,240.4,4
C000948,125.0,0
C000949,260.8,0
C000950,223.1,0
C000951,417.6,0
C000952,297.0,3
C000953,173.7,3
C000954,172.6,0
C000955,301.0,2
C000956,320.3,1
C000957,398.7,0
C000958,342.5,1
C000959,288.2,0
C000960,363.9,3
C000961,256.0,0
C000962,252.4,0
C000963,153.0,3
C000964,370.7,5
C000965,260.6,1
C000966,242.1,2
C000967,186.5,2
C000968,348.0,3
C000969,328.9,4
C000970,177.8,1
C000971,290.8,1
C000972,313.7,6
C000973,150.3,1
C000974,301.3,5
C000975,285.3,0
C000976,299.9,0
C000977,408.9,6
C000978,486.9,0
C000979,348.9,5
C000980,270.8,2
C000981,301.1,0
C000982,284.7,1
C000983,438.1,6
C000984,261.0,2
C000985,216.9,3
C000986,293.9,4
C000987,417.0,3
C000988,172.5,0
C000989,196.2,4
C000990,191.8,1
C000991,154.2,0
C000992,173.9,2
C000993,325.2,2
C000994,267.6,1
C000995,146.5,2
C000996,304.9,1
C000997,277.6,0
C000998,326.1,1
C000999,201.7,0
C001000,151.8,0
C001001,304.4,1
C001002,316.0,0
C001003,161.6,3
C001004,269.0,4
C001005,200.7,1
C001006,327.7,0
C001007,303.0,1
C001008,347.5,4
C001009,182.7,3
C001010,194.8,0
C001011,220.4,1
C001012,207.6,2
C001013,279.5,1
C001014,163.8,1
C001015,371.7,1
C001016,389.5,0
C001017,338.8,6
C001018,290.0,3
C001019,240.1,1
C001020,265.1,1
C001021,189.5,5
C001022,262.6,1
C001023,276.8,1
C001024,184.0,2
C001025,379.7,2
C001026,243.3,2
C001027,167.7,2
C001028,233.6,2
C001029,201.8,2
C001030,182.8,0
C001031,375.7,1
C001032,250.8,3
C001033,332.4,0
C001034,282.9,1
C001035,288.1,1
C001036,248.9,0
C001037,215.4,1
C001038,354.0,0
C001039,302.3,5
C001040,235.5,0
C001041,329.6,2
C001042,370.8,1
C001043,279.3,1
C001044,374.1,1
C001045,211.8,2
C001046,178.0,4
C001047,222.6,2
C001048,253.3,1
C001049,374.4,1
C001050,219.5,0
C001051,280.7,6
C001052,338.1,0
C001053,287.4,2
C001054,210.5,0
C001055,147.7,2
C001056,347.5,4
C001057,165.8,0
C001058,219.7,0
C001059,252.7,2
C001060,351.1,0
C001061,329.8,2
C001062,261.9,2
C001063,347.0,0
C001064,364.6,0
C001065,211.9,1
C001066,218.5,2
C001067,309.9,0
C001068,385.8,7
C001069,194.4,2
C001070,102.6,5
C001071,302.0,0
C001072,359.1,1
C001073,260.4,0
C001074,460.7,3
C001075,183.0,4
C001076,190.6,0
C001077,189.5,2
C001078,257.0,3
C001079,258.8,4
C001080,188.4,1
C001081,339.9,4
C001082,271.4,2
C001083,167.2,1
C001084,299.1,4
C001085,216.4,2
C001086,258.1,5
C001087,321.0,0
C001088,329.9,1
C001089,323.3,0
C001090,254.0,0
C001091,172.0,0
C001092,224.5,0
C001093,251.9,0
C001094,373.7,1
C001095,207.9,2
C001096,266.1,0
C001097,151.4,4
C001098,277.2,1
C001099,246.4,0
C001100,239.7,2
C001101,317.7,0
C001102,195.1,2
C001103,362.1,3
C001104,189.2,1
C001105,359.3,1
C001106,122.3,1
C001107,274.5,0
C001108,298.8,3
C001109,221.2,1
C001110,272.2,1
C001111,220.9,0
C001112,285.8,3
C001113,270.0,1
C001114,427.4,0
C001115,139.7,1
C001116,266.1,1
C001117,216.3,0
C001118,260.0,5
C001119,239.1,0
C001120,222.1,1
C001121,208.2,1
C001122,307.2,2
C001123,220.1,1
C001124,248.3,4
C001125,264.9,0
C001126,192.0,1
C001127,298.7,2
C001128,173.3,0
C001129,289.5,0
C001130,282.2,4
C001131,239.4,1
C001132,162.4,2
C001133,250.5,6
C001134,167.4,1
C001135,241.0,1
C001136,313.1,2
C001137,248.8,3
C001138,350.3,1
C001139,273.6,2
C001140,311.9,4
C001141,307.3,1
C001142,362.6,2
C001143,145.6,0
C001144,208.2,5
C001145,252.2,2
C001146,314.1,3
C001147,263.5,1
C001148,249.5,0
C001149,332.4,4
C001150,223.0,5
C001151,219.3,1
C001152,291.7,0
C001153,441.5,0
C001154,248.4,0
C001155,198.3,1
C001156,204.6,2
C001157,220.7,0
C001158,356.1,0
C001159,220.7,3
C001160,274.4,0
C001161,242.6,0
C001162,144.9,1
C001163,223.8,0
C001164,52.0,3
C001165,264.0,1
C001166,289.2,0
C001167,182.4,1
C001168,206.6,1
C001169,142.8,2
C001170,72.7,1
C001171,129.5,2
C001172,302.2,0
C001173,224.9,1
C001174,266.7,2
C001175,413.3,1
C001176,329.9,0
C001177,293.1,2
C001178,211.2,3
C001179,374.8,2
C001180,348.8,2
C001181,321.5,1
C001182,249.6,3
C001183,176.0,0
C001184,371.4,1
C001185,319.6,0
C001186,233.7,0
C001187,227.9,1
C001188,152.3,2
C001189,310.8,1
C001190,263.6,1
C001191,281.8,2
C001192,324.4,0
C001193,307.8,4
C001194,180.0,6
C001195,251.8,1
C001196,283.0,0
C001197,289.1,1
C001198,122.8,0
C001199,169.5,0
C001200,302.6,7
C001201,301.4,3
C001202,378.8,1
C001203,126.0,2
C001204,321.8,1
C001205,280.1,0
C001206,165.9,0
C001207,108.6,0
C001208,325.3,0
C001209,171.3,2
C001210,144.9,2
C001211,286.3,1
C001212,249.2,3
C001213,296.0,4
C001214,284.4,0
C001215,500.0,0
C001216,307.9,1
C001217,302.8,2
C001218,179.4,0
C001219,375.0,2
C001220,209.6,2
C001221,177.2,1
C001222,233.1,0
C001223,285.2,1
C001224,213.1,1
C001225,179.9,0
C001226,178.2,1
C001227,266.5,1
C001228,294.8,6
C001229,301.4,1
C001230,125.5,0
C001231,183.6,1
C001232,324.5,2
C001233,216.1,1
C001234,266.2,1
C001235,460.1,5
C001236,69.6,0
C001237,239.7,3
C001238,306.6,1
C001239,171.5,0
C001240,239.2,3
C001241,154.0,0
C001242,296.2,1
C001243,196.3,2
C001244,215.5,3
C001245,321.7,3
C001246,294.5,3
C001247,327.9,0
C001248,390.6,4
C001249,255.9,0
C001250,419.3,0
C001251,265.5,1
C001252,355.4,2
C001253,247.7,6
C001254,317.2,1
C001255,215.8,1
C001256,357.2,0
C001257,342.1,1
C001258,232.9,2
C001259,262.5,0
C001260,174.5,0
C001261,324.4,2
C001262,317.2,4
C001263,151.4,2
C001264,423.7,1
C001265,281.8,5
C001266,231.4,1
C001267,345.9,1
C001268,208.2,1
C001269,354.6,0
C001270,155.9,1
C001271,232.2,2
C001272,243.0,4
C001273,206.5,1
C001274,191.1,7
C001275,211.1,7
C001276,207.4,5
C001277,212.5,1
C001278,364.7,1
C001279,284.7,0
C001280,243.0,0
C001281,311.2,1
C001282,242.4,1
C001283,186.5,1
C001284,121.5,0
C001285,329.1,2
C001286,71.9,0
C001287,129.3,5
C001288,290.4,2
C001289,248.6,2
C001290,366.7,1
C001291,198.5,1
C001292,311.6,0
C001293,235.9,3
C001294,293.9,4
C001295,263.6,1
C001296,290.3,2
C001297,267.2,1
C001298,273.5,1
C001299,162.9,0
C001300,256.1,0
C001301,298.2,2
C001302,245.9,0
C001303,241.9,2
C001304,99.4,0
C001305,372.7,1
C001306,140.6,5
C001307,200.5,0
C001308,186.9,3
C001309,273.7,0
C001310,277.4,1
C001311,302.7,5
C001312,306.3,0
C001313,387.9,1
C001314,225.6,2
C001315,183.5,1
C001316,231.2,0
C001317,161.6,0
C001318,222.4,7
C001319,125.9,2
C001320,183.1,3
C001321,115.0,2
C001322,346.7,0
C001323,258.9,0
C001324,400.4,0
C001325,338.8,2
C001326,346.7,0
C001327,238.8,0
C001328,289.2,2
C001329,178.3,5
C001330,207.4,3
C001331,251.1,2
C001332,110.9,2
C001333,209.5,2
C001334,313.4,6
C001335,210.8,1
C001336,191.1,0
C001337,219.2,0
C001338,309.8,3
C001339,278.9,1
C001340,232.0,0
C001341,251.4,3
C001342,318.6,1
C001343,354.6,5
C001344,212.0,1
C001345,243.4,2
C001346,349.6,0
C001347,291.8,0
C001348,137.8,2
C001349,178.5,0
C001350,181.0,5
C001351,216.7,1
C001352,279.6,0
C001353,400.8,0
C001354,243.4,3
C001355,302.8,1
C001356,340.7,4
C001357,368.9,0
C001358,340.8,0
C001359,190.2,1
C001360,133.9,0
C001361,199.7,8
C001362,263.5,0
C001363,190.6,3
C001364,120.0,0
C001365,152.8,7
C001366,490.5,1
C001367,232.5,1
C001368,394.0,0
C001369,231.2,3
C001370,313.4,0
C001371,238.5,2
C001372,250.6,2
C001373,312.3,2
C001374,217.8,2
C001375,154.5,0
C001376,185.6,1
C001377,185.2,1
C001378,256.7,0
C001379,98.3,2
C001380,274.4,1
C001381,351.3,1
C001382,209.4,5
C001383,197.6,3
C001384,407.4,5
C001385,367.8,1
C001386,284.2,2
C001387,190.2,5
C001388,296.7,2
C001389,169.3,2
C001390,144.2,3
C001391,286.2,1
C001392,211.7,0
C001393,88.1,1
C001394,296.9,1
C001395,366.8,1
C001396,302.8,1
C001397,210.1,0
C001398,78.8,0
C001399,261.7,2
C001400,197.4,3
C001401,177.9,1
C001402,94.3,2
C001403,400.2,0
C001404,162.2,2
C001405,104.3,1
C001406,385.6,2
C001407,252.5,3
C001408,240.1,2
C001409,274.8,2
C001410,284.9,5
C001411,267.1,0
C001412,129.5,0
C001413,123.3,1
C001414,191.7,1
C001415,209.2,7
C001416,221.2,5
C001417,268.3,2
C001418,227.6,5
C001419,195.5,0
C001420,281.6,0
C001421,307.1,3
C001422,185.3,0
C001423,140.6,3
C001424,264.4,5
C001425,216.3,0
C001426,316.9,0
C001427,171.2,4
C001428,153.5,1
C001429,199.3,3
C001430,291.6,3
C001431,221.9,0
C001432,242.9,0
C001433,210.4,2
C001434,331.2,0
C001435,288.6,1
C001436,128.2,1
C001437,322.1,5
C001438,297.2,0
C001439,336.8,0
C001440,207.7,1
C001441,174.9,4
C001442,243.4,5
C001443,263.0,0
C001444,344.8,2
C001445,300.9,0
C001446,261.9,0
C001447,239.8,1
C001448,251.2,1
C001449,218.5,1
C001450,304.3,1
C001451,133.8,2
C001452,250.7,1
C001453,333.5,2
C001454,159.1,1
C001455,405.6,2
C001456,163.8,0
C001457,209.6,3
C001458,332.1,1
C001459,366.2,1
C001460,278.6,1
C001461,276.5,2
C001462,393.0,1
C001463,140.6,0
C001464,112.0,2
C001465,96.1,1
C001466,181.9,3
C001467,192.7,1
C001468,280.4,0
C001469,330.6,0
C001470,322.7,0
C001471,320.4,7
C001472,173.4,1
C001473,280.8,0
C001474,191.3,1
C001475,298.1,3
C001476,253.4,1
C001477,320.8,0
C001478,440.1,0
C001479,247.4,1
C001480,161.7,1
C001481,119.5,0
C001482,178.3,0
C001483,335.3,2
C001484,288.8,2
C001485,268.4,1
C001486,280.5,2
C001487,307.5,1
C001488,125.4,0
C001489,328.9,6
C001490,281.2,0
C001491,134.7,1
C001492,276.8,0
C001493,145.8,0
C001494,290.8,1
C001495,259.6,1
C001496,169.3,0
C001497,283.1,6
C001498,314.7,2
C001499,204.1,3
C001500,312.6,0
C001501,227.7,1
C001502,319.9,2
C001503,242.3,3
C001504,343.9,5
C001505,176.9,3
C001506,179.2,2
C001507,187.0,0
C001508,260.1,1
C001509,237.8,5
C001510,272.9,0
C001511,156.9,3
C001512,192.6,2
C001513,351.7,2
C001514,279.7,1
C001515,299.9,0
C001516,229.6,1
C001517,273.6,0
C001518,212.0,1
C001519,102.0,3
C001520,332.8,1
C001521,264.6,2
C001522,191.4,2
C001523,250.1,0
C001524,212.7,2
C001525,369.9,0
C001526,303.7,0
C001527,158.2,1
C001528,147.3,1
C001529,270.0,3
C001530,260.7,3
C001531,291.4,0
C001532,238.5,1
C001533,198.2,1
C001534,290.8,1
C001535,297.5,4
C001536,350.6,2
C001537,308.8,5
C001538,183.1,1
C001539,270.5,8
C001540,227.1,2
C001541,174.4,3
C001542,106.9,0
C001543,429.8,2
C001544,205.3,1
C001545,239.9,0
C001546,267.6,1
C001547,258.9,3
C001548,50.0,1
C001549,236.7,3
C001550,391.7,7
C001551,233.1,5
C001552,380.8,0
C001553,252.5,2
C001554,221.9,2
C001555,261.6,2
C001556,253.0,2
C001557,251.2,10
C001558,203.4,1
C001559,140.9,1
C001560,294.9,1
C001561,257.6,7
C001562,383.2,6
C001563,247.3,1
C001564,128.9,5
C001565,275.8,1
C001566,256.1,1
C001567,215.5,5
C001568,299.5,3
C001569,289.8,1
C001570,154.2,1
C001571,212.6,1
C001572,337.6,1
C001573,171.6,2
C001574,236.2,1
C001575,268.2,4
C001576,157.7,0
C001577,242.1,4
C001578,239.5,0
C001579,224.1,1
C001580,127.6,0
C001581,250.0,3
C001582,200.5,1
C001583,335.3,0
C001584,283.3,0
C001585,187.8,0
C001586,218.4,2
C001587,260.0,2
C001588,218.2,1
C001589,128.8,0
C001590,273.4,4
C001591,292.1,1
C001592,309.3,1
C001593,325.1,6
C001594,183.7,7
C001595,312.8,0
C001596,158.7,3
C001597,278.6,1
C001598,193.3,5
C001599,283.5,4
C001600,129.4,0
C001601,293.4,1
C001602,187.1,2
C001603,288.6,3
C001604,279.8,1
C001605,280.8,4
C001606,253.8,0
C001607,156.6,1
C001608,369.2,1
C001609,239.6,4
C001610,239.4,5
C001611,360.8,0
C001612,178.9,4
C001613,246.2,0
C001614,263.6,6
C001615,231.5,2
C001616,271.9,0
C001617,203.5,4
C001618,244.5,0
C001619,260.5,4
C001620,359.4,1
C001621,382.5,2
C001622,263.6,1
C001623,345.9,2
C001624,192.0,1
C001625,430.1,3
C001626,230.4,2
C001627,247.4,1
C001628,292.6,2
C001629,318.2,1
C001630,236.3,0
C001631,89.3,0
C001632,302.5,0
C001633,177.2,0
C001634,311.9,2
C001635,310.2,1
C001636,265.4,1
C001637,322.3,2
C001638,210.8,4
C001639,360.0,1
C001640,263.0,4
C001641,235.2,3
C001642,341.3,3
C001643,196.8,3
C001644,81.6,1
C001645,150.2,1
C001646,364.8,2
C001647,270.0,1
C001648,263.6,1
C001649,322.9,0
C001650,273.6,1
C001651,228.0,1
C001652,214.9,1
C001653,156.0,0
C001654,164.6,4
C001655,264.0,3
C001656,237.5,1
C001657,289.0,0
C001658,243.1,0
C001659,164.9,5
C001660,269.6,0
C001661,264.8,0
C001662,251.4,2
C001663,262.6,1
C001664,407.3,6
C001665,154.7,4
C001666,173.4,1
C001667,113.8,1
C001668,257.4,1
C001669,95.1,1
C001670,267.9,7
C001671,245.5,1
C001672,204.1,3
C001673,287.8,1
C001674,273.7,0
C001675,378.4,2
C001676,299.0,1
C001677,244.9,0
C001678,67.5,0
C001679,324.4,0
C001680,325.0,1
C001681,355.9,0
C001682,67.0,0
C001683,266.4,2
C001684,302.7,0
C001685,346.1,6
C001686,298.2,0
C001687,254.8,1
C001688,168.5,0
C001689,240.6,0
C001690,281.1,1
C001691,312.6,0
C001692,123.1,8
C001693,273.6,1
C001694,132.2,1
C001695,271.3,0
C001696,158.2,0
C001697,134.6,1
C001698,394.8,1
C001699,139.4,1
C001700,199.1,3
C001701,248.4,8
C001702,83.4,1
C001703,312.8,1
C001704,193.9,0
C001705,168.4,2
C001706,324.0,0
C001707,143.1,3
C001708,285.8,1
C001709,251.9,1
C001710,254.6,2
C001711,245.5,1
C001712,260.3,0
C001713,67.8,0
C001714,180.1,5
C001715,176.9,2
C001716,338.6,5
C001717,262.7,2
C001718,250.9,1
C001719,398.5,1
C001720,88.0,0
C001721,363.2,0
C001722,250.9,0
C001723,189.6,3
C001724,207.3,2
C001725,210.1,2
C001726,370.0,3
C001727,269.1,0
C001728,304.9,2
C001729,190.6,0
C001730,258.9,3
C001731,322.7,1
C001732,340.1,1
C001733,142.8,1
C001734,314.7,0
C001735,238.3,6
C001736,279.2,6
C001737,207.8,2
C001738,372.1,1
C001739,270.8,0
C001740,203.0,0
C001741,210.9,0
C001742,318.8,1
C001743,307.7,0
C001744,256.4,1
C001745,219.1,7
C001746,326.4,1
C001747,207.9,2
C001748,203.9,7
C001749,452.1,1
C001750,280.3,1
C001751,243.4,3
C001752,214.5,2
C001753,233.2,0
C001754,349.8,3
C001755,316.3,2
C001756,198.1,0
C001757,223.6,1
C001758,144.8,3
C001759,271.1,0
C001760,50.0,0
C001761,126.7,4
C001762,257.4,0
C001763,50.0,4
C001764,432.7,0
C001765,179.1,4
C001766,288.7,1
C001767,351.4,1
C001768,271.5,1
C001769,249.6,0
C001770,204.6,0
C001771,144.6,0
C001772,212.0,1
C001773,258.2,0
C001774,247.9,2
C001775,173.6,0
C001776,335.1,3
C001777,135.6,1
C001778,297.6,0
C001779,318.1,5
C001780,269.0,1
C001781,383.1,1
C001782,282.4,0
C001783,360.3,0
C001784,50.0,2
C001785,325.0,6
C001786,296.9,1
C001787,292.8,2
C001788,299.4,0
C001789,211.5,3
C001790,310.7,0
C001791,392.5,0
C001792,99.8,1
C001793,345.2,1
C001794,239.7,3
C001795,197.2,2
C001796,153.2,1
C001797,280.4,1
C001798,376.6,1
C001799,218.9,5
C001800,303.3,0
C001801,249.2,2
C001802,118.5,3
C001803,235.7,2
C001804,196.8,0
C001805,168.9,0
C001806,215.6,4
C001807,224.5,2
C001808,330.5,2
C001809,251.9,0
C001810,137.6,1
C001811,346.5,0
C001812,280.8,0
C001813,272.5,1
C001814,319.9,4
C001815,248.3,0
C001816,207.1,3
C001817,277.7,0
C001818,299.8,3
C001819,280.5,1
C001820,314.9,7
C001821,258.0,3
C001822,170.4,4
C001823,199.7,1
C001824,359.8,0
C001825,252.6,3
C001826,159.8,5
C001827,152.3,0
C001828,142.9,2
C001829,315.9,2
C001830,274.8,2
C001831,397.6,1
C001832,296.1,0
C001833,300.9,0
C001834,409.2,1
C001835,172.5,1
C001836,130.0,2
C001837,294.2,3
C001838,230.5,0
C001839,273.8,1
C001840,348.0,1
C001841,310.9,1
C001842,371.3,2
C001843,177.4,0
C001844,321.8,0
C001845,188.2,0
C001846,383.5,0
C001847,285.8,3
C001848,290.6,0
C001849,203.4,3
C001850,207.5,1
C001851,282.4,0
C001852,389.9,2
C001853,376.6,3
C001854,278.7,0
C001855,216.3,2
C001856,295.8,1
C001857,350.4,0
C001858,266.9,1
C001859,219.0,1
C001860,304.3,6
C001861,230.8,5
C001862,221.6,1
C001863,245.5,3
C001864,303.3,3
C001865,232.2,1
C001866,247.0,1
C001867,261.5,0
C001868,219.5,2
C001869,374.0,0
C001870,397.4,0
C001871,225.8,6
C001872,186.2,0
C001873,212.9,0
C001874,285.7,1
C001875,243.1,1
C001876,147.7,3
C001877,237.5,0
C001878,282.6,6
C001879,328.8,2
C001880,390.6,3
C001881,214.2,2
C001882,200.1,0
C001883,230.0,0
C001884,174.4,0
C001885,194.0,1
C001886,194.5,2
C001887,276.2,1
C001888,183.4,0
C001889,316.0,0
C001890,341.9,3
C001891,159.9,2
C001892,145.6,3
C001893,207.1,0
C001894,217.9,0
C001895,351.3,0
C001896,246.0,0
C001897,283.6,1
C001898,283.4,3
C001899,179.6,2
C001900,229.9,2
C001901,249.0,0
C001902,280.2,1
C001903,135.3,0
C001904,202.4,1
C001905,250.9,2
C001906,214.8,0
C001907,137.8,6
C001908,192.2,7
C001909,138.6,1
C001910,360.5,0
C001911,224.4,1
C001912,244.8,2
C001913,171.7,1
C001914,268.5,2
C001915,305.6,7
C001916,176.7,1
C001917,178.5,1
C001918,210.4,1
C001919,138.0,4
C001920,280.4,3
C001921,310.7,1
C001922,135.4,0
C001923,320.5,2
C001924,320.5,0
C001925,50.0,2
C001926,161.7,1
C001927,201.5,1
C001928,295.5,1
C001929,285.0,4
C001930,176.0,0
C001931,380.0,8
C001932,194.0,1
C001933,183.2,1
C001934,157.1,0
C001935,235.7,1
C001936,322.3,4
C001937,177.9,0
C001938,266.7,0
C001939,266.3,0
C001940,247.5,4
C001941,275.8,0
C001942,322.5,1
C001943,271.8,0
C001944,333.7,0
C001945,162.0,2
C001946,214.6,9
C001947,162.1,0
C001948,293.8,0
C001949,347.7,0
C001950,225.2,0
C001951,272.5,0
C001952,130.4,0
C001953,251.7,2
C001954,116.1,0
C001955,254.9,0
C001956,96.1,3
C001957,385.6,1
C001958,245.9,4
C001959,242.8,10
C001960,402.7,0
C001961,255.3,0
C001962,121.2,0
C001963,215.5,0
C001964,405.6,2
C001965,178.4,1
C001966,214.8,1
C001967,373.7,2
C001968,188.3,2
C001969,242.4,8
C001970,358.0,0
C001971,204.1,3
C001972,186.1,0
C001973,102.6,0
C001974,161.8,3
C001975,179.3,2
C001976,220.9,0
C001977,278.6,0
C001978,246.4,1
C001979,151.5,1
C001980,358.8,2
C001981,161.8,1
C001982,394.3,1
C001983,262.1,0
C001984,333.6,2
C001985,292.4,3
C001986,370.5,2
C001987,246.5,1
C001988,228.7,2
C001989,274.4,0
C001990,228.0,2
C001991,286.3,4
C001992,374.0,1
C001993,114.8,0
C001994,243.9,1
C001995,426.0,0
C001996,218.8,7
C001997,331.1,2
C001998,319.6,1
C001999,135.0,1
C002000,273.7,2
C002001,267.6,0
C002002,500.0,1
C002003,50.0,4
C002004,120.4,2
C002005,231.7,8
C002006,221.4,1
C002007,179.3,4
C002008,184.4,4
C002009,304.7,2
C002010,182.8,0
C002011,206.7,0
C002012,329.8,0
C002013,317.5,1
C002014,211.8,2
C002015,132.8,1
C002016,320.3,2
C002017,174.8,1
C002018,353.3,3
C002019,283.6,2
C002020,234.5,2
C002021,285.1,1
C002022,93.8,3
C002023,368.4,0
C002024,233.3,2
C002025,263.4,1
C002026,203.9,2
C002027,236.3,0
C002028,377.8,0
C002029,228.4,0
C002030,216.6,2
C002031,304.7,1
C002032,274.8,5
C002033,374.3,1
C002034,88.7,1
C002035,213.2,1
C002036,136.0,4
C002037,348.5,2
C002038,146.6,0
C002039,276.4,0
C002040,145.4,0
C002041,210.1,1
C002042,170.4,1
C002043,249.4,3
C002044,412.2,1
C002045,136.0,0
C002046,159.0,0
C002047,297.8,1
C002048,237.8,1
C002049,148.2,1
C002050,212.3,0
C002051,128.9,1
C002052,210.8,1
C002053,172.3,4
C002054,274.9,0
C002055,301.5,2
C002056,50.0,0
C002057,258.6,1
C002058,65.7,0
C002059,250.5,1
C002060,377.3,1
C002061,222.1,6
C002062,270.5,1
C002063,309.0,0
C002064,311.9,1
C002065,316.8,5
C002066,284.8,1
C002067,189.7,1
C002068,301.6,1
C002069,369.2,3
C002070,288.8,0
C002071,265.2,1
C002072,116.0,0
C002073,165.0,0
C002074,192.5,1
C002075,162.1,5
C002076,236.9,0
C002077,175.7,0
C002078,319.3,0
C002079,218.1,6
C002080,160.7,1
C002081,176.2,0
C002082,255.5,4
C002083,227.4,0
C002084,253.3,0
C002085,230.3,2
C002086,387.4,2
C002087,318.5,7
C002088,181.2,0
C002089,94.3,0
C002090,221.2,1
C002091,159.0,1
C002092,111.7,1
C002093,301.1,5
C002094,249.2,1
C002095,339.8,1
C002096,244.1,0
C002097,232.5,2
C002098,148.0,4
C002099,199.9,2
C002100,106.5,0
C002101,333.1,0
C002102,144.7,1
C002103,267.7,0
C002104,230.3,2
C002105,281.1,2
C002106,252.8,2
C002107,144.2,3
C002108,223.4,1
C002109,351.3,1
C002110,184.1,0
C002111,342.6,2
C002112,302.9,1
C002113,261.1,3
C002114,190.9,1
C002115,271.8,0
C002116,209.2,0
C002117,338.4,1
C002118,147.0,1
C002119,274.6,1
C002120,252.3,1
C002121,276.3,1
C002122,307.4,2
C002123,178.9,0
C002124,178.9,1
C002125,267.2,3
C002126,327.2,1
C002127,230.1,1
C002128,365.0,1
C002129,226.0,1
C002130,193.1,0
C002131,286.3,2
C002132,206.3,2
C002133,207.3,1
C002134,270.8,0
C002135,324.5,0
C002136,274.2,2
C002137,258.7,1
C002138,403.9,3
C002139,305.7,3
C002140,222.9,2
C002141,338.2,7
C002142,230.8,0
C002143,298.3,1
C002144,293.2,3
C002145,250.2,2
C002146,192.1,0
C002147,247.8,2
C002148,212.1,0
C002149,271.1,2
C002150,283.8,0
C002151,92.4,1
C002152,277.0,0
C002153,484.0,6
C002154,224.7,1
C002155,329.1,1
C002156,309.4,2
C002157,118.6,2
C002158,289.8,2
C002159,182.7,1
C002160,234.2,3
C002161,133.3,1
C002162,285.4,1
C002163,222.7,4
C002164,357.6,1
C002165,141.2,1
C002166,322.7,3
C002167,283.7,2
C002168,181.3,0
C002169,126.4,2
C002170,226.8,2
C002171,268.9,0
C002172,164.8,5
C002173,174.1,0
C002174,329.2,9
C002175,187.5,3
C002176,296.4,0
C002177,347.5,1
C002178,185.7,0
C002179,150.0,5
C002180,319.8,1
C002181,226.1,5
C002182,214.9,3
C002183,364.3,2
C002184,228.6,4
C002185,272.2,2
C002186,121.1,1
C002187,243.9,3
C002188,179.5,1
C002189,209.4,2
C002190,204.7,3
C002191,354.1,3
C002192,196.9,1
C002193,207.2,0
C002194,372.8,3
C002195,221.5,2
C002196,200.4,0
C002197,338.0,0
C002198,251.3,1
C002199,257.0,0
C002200,273.9,2
C002201,357.2,0
C002202,167.3,1
C002203,341.6,0
C002204,130.5,0
C002205,184.8,5
C002206,178.3,1
C002207,238.7,1
C002208,190.0,0
C002209,351.7,4
C002210,291.6,2
C002211,248.8,0
C002212,179.7,1
C002213,362.1,0
C002214,257.9,3
C002215,229.9,4
C002216,239.1,6
C002217,232.2,1
C002218,317.7,1
C002219,340.4,4
C002220,175.9,0
C002221,197.8,2
C002222,201.8,2
C002223,275.6,2
C002224,329.8,0
C002225,140.2,0
C002226,166.3,9
C002227,222.5,0
C002228,292.7,1
C002229,174.7,1
C002230,219.1,1
C002231,192.3,2
C002232,310.6,3
C002233,241.2,5
C002234,191.7,4
C002235,155.9,2
C002236,218.3,0
C002237,228.9,2
C002238,317.8,3
C002239,331.5,2
C002240,155.4,4
C002241,328.8,3
C002242,307.0,1
C002243,207.5,1
C002244,310.6,1
C002245,186.6,0
C002246,282.5,1
C002247,444.0,1
C002248,268.4,0
C002249,222.7,1
C002250,144.9,0
C002251,256.6,0
C002252,329.8,0
C002253,193.3,0
C002254,293.3,0
C002255,228.9,0
C002256,218.1,4
C002257,289.1,0
C002258,98.5,0
C002259,234.7,6
C002260,329.0,2
C002261,235.2,7
C002262,250.6,3
C002263,239.4,3
C002264,403.0,1
C002265,280.8,0
C002266,147.9,3
C002267,180.7,0
C002268,257.5,2
C002269,350.6,5
C002270,302.9,4
C002271,329.4,1
C002272,159.6,2
C002273,300.5,0
C002274,191.0,4
C002275,240.4,6
C002276,318.0,0
C002277,204.5,1
C002278,134.8,5
C002279,220.6,0
C002280,259.7,1
C002281,304.6,1
C002282,178.9,0
C002283,205.7,4
C002284,267.2,0
C002285,293.7,0
C002286,266.2,2
C002287,238.3,3
C002288,190.8,3
C002289,321.0,0
C002290,347.1,2
C002291,203.2,1
C002292,212.0,0
C002293,304.7,1
C002294,263.4,1
C002295,296.6,2
C002296,271.7,0
C002297,280.4,0
C002298,217.4,3
C002299,90.2,1
C002300,265.5,3
C002301,305.2,0
C002302,272.9,0
C002303,190.3,0
C002304,203.7,7
C002305,446.6,0
C002306,278.1,1
C002307,62.2,1
C002308,204.1,0
C002309,232.6,1
C002310,150.9,1
C002311,239.6,3
C002312,210.6,2
C002313,265.7,0
C002314,227.2,2
C002315,194.0,0
C002316,222.9,0
C002317,317.8,0
C002318,255.1,0
C002319,232.8,3
C002320,278.1,0
C002321,249.9,0
C002322,161.5,1
C002323,304.9,0
C002324,200.1,0
C002325,222.6,2
C002326,128.9,2
C002327,315.8,0
C002328,260.0,3
C002329,272.8,1
C002330,315.1,2
C002331,315.8,4
C002332,193.7,2
C002333,251.0,1
C002334,243.1,1
C002335,235.6,3
C002336,185.6,3
C002337,364.0,3
C002338,331.1,1
C002339,285.5,4
C002340,358.5,5
C002341,288.0,6
C002342,225.8,0
C002343,216.3,0
C002344,280.9,1
C002345,139.7,2
C002346,319.3,2
C002347,119.7,3
C002348,338.2,1
C002349,289.7,8
C002350,406.1,1
C002351,264.4,0
C002352,302.5,2
C002353,305.8,1
C002354,179.2,2
C002355,164.6,7
C002356,175.3,2
C002357,247.4,4
C002358,249.4,5
C002359,252.7,1
C002360,289.5,0
C002361,190.6,1
C002362,317.1,1
C002363,284.4,2
C002364,376.5,1
C002365,284.5,3
C002366,244.4,0
C002367,421.8,1
C002368,243.3,1
C002369,273.2,0
C002370,284.8,0
C002371,324.5,2
C002372,256.8,0
C002373,471.4,1
C002374,204.1,5
C002375,369.2,2
C002376,133.0,1
C002377,171.2,2
C002378,125.5,0
C002379,176.0,3
C002380,119.1,0
C002381,258.7,4
C002382,178.6,1
C002383,371.2,0
C002384,290.2,1
C002385,255.3,2
C002386,271.3,3
C002387,301.7,1
C002388,345.4,0
C002389,210.2,0
C002390,195.5,1
C002391,283.2,2
C002392,375.5,2
C002393,141.0,3
C002394,281.9,4
C002395,353.3,5
C002396,299.3,3
C002397,276.6,3
C002398,293.2,7
C002399,394.3,4
C002400,313.6,2
C002401,125.9,1
C002402,243.2,0
C002403,257.0,1
C002404,332.1,0
C002405,256.7,0
C002406,251.3,1
C002407,253.4,3
C002408,269.2,0
C002409,242.5,0
C002410,216.5,2
C002411,238.2,3
C002412,274.4,1
C002413,299.7,0
C002414,468.9,3
C002415,143.7,0
C002416,297.0,1
C002417,368.1,0
C002418,188.1,1
C002419,304.8,5
C002420,220.8,2
C002421,208.7,9
C002422,191.3,2
C002423,242.7,2
C002424,239.7,0
C002425,310.3,0
C002426,134.5,0
C002427,318.0,2
C002428,316.2,2
C002429,274.7,3
C002430,433.0,0
C002431,348.7,2
C002432,209.9,0
C002433,154.8,1
C002434,195.0,1
C002435,203.5,2
C002436,103.7,2
C002437,289.5,1
C002438,144.9,2
C002439,268.6,1
C002440,325.0,0
C002441,362.0,6
C002442,229.9,2
C002443,192.7,0
C002444,356.9,2
C002445,370.5,0
C002446,304.6,0
C002447,194.6,0
C002448,144.6,3
C002449,339.3,6
C002450,245.1,7
C002451,349.2,4
C002452,196.8,7
C002453,338.7,0
C002454,362.6,2
C002455,230.6,0
C002456,274.7,1
C002457,157.1,0
C002458,159.1,1
C002459,275.4,0
C002460,206.8,1
C002461,269.3,0
C002462,263.1,5
C002463,302.2,1
C002464,292.4,3
C002465,323.6,1
C002466,268.2,2
C002467,274.6,1
C002468,249.8,0
C002469,334.0,1
C002470,397.2,1
C002471,310.0,2
C002472,289.8,4
C002473,232.6,0
C002474,269.4,2
C002475,218.4,4
C002476,200.7,1
C002477,234.3,0
C002478,393.2,1
C002479,243.2,2
C002480,379.9,2
C002481,172.2,1
C002482,261.1,1
C002483,307.7,1
C002484,311.8,1
C002485,163.4,0
C002486,152.7,2
C002487,299.6,0
C002488,205.7,3
C002489,300.8,0
C002490,364.9,0
C002491,197.5,0
C002492,208.2,3
C002493,87.9,1
C002494,314.1,0
C002495,420.4,1
C002496,150.3,1
C002497,349.5,4
C002498,356.8,0
C002499,312.7,0
C002500,201.6,1
C002501,230.5,1
C002502,294.2,4
C002503,291.8,1
C002504,230.0,0
C002505,286.8,0
C002506,221.1,1
C002507,241.0,0
C002508,233.8,1
C002509,337.6,4
C002510,135.7,0
C002511,302.0,3
C002512,278.7,0
C002513,68.5,3
C002514,319.7,2
C002515,329.7,1
C002516,217.6,1
C002517,288.8,1
C002518,271.4,2
C002519,428.6,0
C002520,290.2,1
C002521,258.5,2
C002522,337.6,1
C002523,378.6,0
C002524,415.8,5
C002525,202.2,6
C002526,284.4,4
C002527,200.3,0
C002528,435.7,1
C002529,253.8,0
C002530,326.6,0
C002531,236.8,1
C002532,289.9,2
C002533,105.5,0
C002534,333.2,2
C002535,354.2,0
C002536,202.6,4
C002537,105.2,1
C002538,368.6,2
C002539,358.5,0
C002540,313.3,3
C002541,235.2,2
C002542,227.6,1
C002543,356.7,0
C002544,224.3,2
C002545,262.6,1
C002546,249.6,5
C002547,276.2,1
C002548,241.4,0
C002549,250.8,6
C002550,393.3,0
C002551,292.0,0
C002552,280.6,1
C002553,315.7,0
C002554,160.5,1
C002555,331.4,2
C002556,274.2,1
C002557,200.6,3
C002558,242.3,1
C002559,292.7,5
C002560,256.9,2
C002561,336.9,0
C002562,189.9,0
C002563,160.0,1
C002564,189.0,2
C002565,217.2,1
C002566,260.7,0
C002567,223.5,2
C002568,155.0,0
C002569,141.8,6
C002570,147.7,3
C002571,226.9,1
C002572,185.1,6
C002573,219.3,4
C002574,356.2,0
C002575,156.4,4
C002576,274.0,2
C002577,155.2,0
C002578,143.2,1
C002579,279.7,4
C002580,304.0,0
C002581,313.1,1
C002582,338.9,0
C002583,235.8,0
C002584,272.0,0
C002585,219.2,5
C002586,353.4,2
C002587,177.1,3
C002588,290.1,3
C002589,164.8,1
C002590,258.8,1
C002591,121.5,2
C002592,268.1,1
C002593,407.9,1
C002594,205.3,5
C002595,230.6,4
C002596,319.3,0
C002597,253.6,1
C002598,347.8,1
C002599,281.5,0
C002600,320.0,1
C002601,91.8,0
C002602,257.4,0
C002603,161.4,0
C002604,218.4,0
C002605,284.6,1
C002606,231.6,2
C002607,187.3,0
C002608,350.3,0
C002609,330.6,2
C002610,140.2,6
C002611,311.0,2
C002612,263.6,1
C002613,268.9,4
C002614,374.4,0
C002615,262.4,1
C002616,307.1,1
C002617,267.1,1
C002618,267.6,2
C002619,176.0,4
C002620,446.3,0
C002621,50.0,0
C002622,192.0,2
C002623,210.9,4
C002624,322.7,7
C002625,137.1,1
C002626,236.0,0
C002627,313.0,1
C002628,152.6,0
C002629,239.0,0
C002630,236.6,4
C002631,202.2,0
C002632,252.9,1
C002633,216.0,2
C002634,327.4,6
C002635,292.4,3
C002636,235.3,1
C002637,255.3,2
C002638,218.9,2
C002639,356.9,2
C002640,286.2,1
C002641,238.8,1
C002642,285.1,1
C002643,401.1,1
C002644,195.2,3
C002645,320.8,1
C002646,283.1,0
C002647,232.7,7
C002648,191.6,1
C002649,318.7,2
C002650,273.3,2
C002651,365.5,0
C002652,343.4,0
C002653,274.0,4
C002654,192.2,0
C002655,414.3,1
C002656,200.5,2
C002657,316.4,2
C002658,108.3,2
C002659,375.7,0
C002660,87.3,0
C002661,224.9,1
C002662,165.0,0
C002663,361.6,0
C002664,190.6,0
C002665,292.3,0
C002666,271.4,1
C002667,134.4,6
C002668,332.3,0
C002669,248.7,0
C002670,370.6,0
C002671,299.1,1
C002672,189.2,0
C002673,233.9,2
C002674,231.6,0
C002675,312.2,4
C002676,309.6,1
C002677,196.1,2
C002678,325.8,3
C002679,282.5,8
C002680,303.6,0
C002681,291.4,0
C002682,316.3,3
C002683,175.4,2
C002684,265.2,1
C002685,330.6,4
C002686,339.3,2
C002687,339.1,1
C002688,179.1,2
C002689,416.3,0
C002690,391.2,1
C002691,180.8,3
C002692,226.1,1
C002693,304.8,0
C002694,192.3,2
C002695,296.5,3
C002696,266.9,1
C002697,353.1,4
C002698,284.4,3
C002699,87.6,4
C002700,319.0,4
C002701,348.4,0
C002702,245.0,1
C002703,261.8,1
C002704,262.1,5
C002705,203.2,2
C002706,447.6,1
C002707,187.4,2
C002708,324.2,1
C002709,323.9,1
C002710,213.4,1
C002711,175.1,2
C002712,241.5,2
C002713,305.8,1
C002714,274.5,0
C002715,395.3,2
C002716,203.0,3
C002717,204.9,3
C002718,320.5,0
C002719,116.5,7
C002720,205.0,0
C002721,239.6,0
C002722,248.9,0
C002723,209.4,0
C002724,104.1,0
C002725,363.2,2
C002726,359.0,3
C002727,116.8,1
C002728,303.9,1
C002729,239.2,2
C002730,294.8,0
C002731,272.4,1
C002732,133.4,0
C002733,314.2,1
C002734,205.8,1
C002735,50.0,2
C002736,265.9,0
C002737,124.9,0
C002738,341.6,6
C002739,226.7,0
C002740,256.3,1
C002741,291.6,1
C002742,258.4,0
C002743,202.7,0
C002744,340.4,1
C002745,241.3,3
C002746,160.1,2
C002747,278.4,1
C002748,243.6,4
C002749,248.2,1
C002750,260.1,2
C002751,254.5,6
C002752,366.6,1
C002753,185.9,0
C002754,83.5,1
C002755,250.0,1
C002756,316.5,1
C002757,124.9,1
C002758,279.2,4
C002759,137.5,6
C002760,317.5,0
C002761,250.9,1
C002762,179.6,1
C002763,121.7,1
C002764,424.5,0
C002765,434.4,0
C002766,163.7,0
C002767,161.8,1
C002768,256.3,1
C002769,219.2,1
C002770,223.9,0
C002771,272.7,1
C002772,403.4,2
C002773,359.0,2
C002774,224.4,1
C002775,307.8,5
C002776,102.2,1
C002777,260.9,0
C002778,231.1,1
C002779,327.1,1
C002780,299.8,0
C002781,274.7,1
C002782,286.8,0
C002783,215.3,2
C002784,327.4,0
C002785,286.8,0
C002786,237.0,0
C002787,257.9,0
C002788,317.5,3
C002789,325.1,0
C002790,222.6,0
C002791,178.5,2
C002792,213.5,1
C002793,217.7,0
C002794,259.9,1
C002795,345.8,2
C002796,212.4,2
C002797,281.0,1
C002798,235.3,0
C002799,251.5,2
C002800,274.2,1
C002801,346.1,2
C002802,269.8,1
C002803,50.0,2
C002804,234.1,0
C002805,375.5,0
C002806,341.4,0
C002807,313.3,1
C002808,344.3,1
C002809,315.9,0
C002810,342.8,0
C002811,160.6,2
C002812,245.2,0
C002813,261.8,4
C002814,254.3,4
C002815,203.8,4
C002816,261.7,1
C002817,114.0,1
C002818,286.3,0
C002819,196.1,2
C002820,75.9,1
C002821,251.3,1
C002822,373.8,0
C002823,97.9,2
C002824,230.6,0
C002825,120.2,3
C002826,270.6,0
C002827,319.7,1
C002828,185.3,0
C002829,216.1,0
C002830,238.1,0
C002831,349.2,5
C002832,138.1,3
C002833,213.7,0
C002834,375.7,0
C002835,191.8,0
C002836,218.4,3
C002837,264.4,1
C002838,436.2,3
C002839,160.6,2
C002840,310.4,1
C002841,155.0,2
C002842,169.4,2
C002843,208.9,0
C002844,287.2,0
C002845,206.0,4
C002846,260.6,1
C002847,192.6,2
C002848,256.5,0
C002849,146.2,2
C002850,148.2,2
C002851,208.9,3
C002852,298.9,0
C002853,265.5,1
C002854,188.1,2
C002855,159.5,5
C002856,332.7,0
C002857,359.1,1
C002858,290.6,0
C002859,278.4,1
C002860,79.0,6
C002861,297.5,2
C002862,377.1,0
C002863,335.8,4
C002864,331.4,1
C002865,117.6,1
C002866,193.7,0
C002867,238.4,0
C002868,193.1,2
C002869,157.2,1
C002870,283.5,3
C002871,329.7,1
C002872,138.3,1
C002873,333.0,0
C002874,267.9,1
C002875,379.8,2
C002876,313.6,1
C002877,260.4,0
C002878,261.0,0
C002879,250.2,3
C002880,395.5,1
C002881,299.0,0
C002882,220.6,3
C002883,295.5,1
C002884,287.3,4
C002885,216.2,4
C002886,184.4,2
C002887,344.6,0
C002888,229.0,1
C002889,224.5,0
C002890,296.5,0
C002891,208.6,0
C002892,268.3,0
C002893,219.6,2
C002894,50.0,0
C002895,280.9,1
C002896,270.9,1
C002897,278.3,0
C002898,84.0,9
C002899,141.9,1
C002900,343.0,2
C002901,255.9,2
C002902,98.5,0
C002903,256.8,1
C002904,124.4,0
C002905,204.1,1
C002906,270.3,3
C002907,270.4,1
C002908,330.5,1
C002909,287.2,3
C002910,292.3,1
C002911,219.5,0
C002912,182.0,4
C002913,253.9,0
C002914,331.6,1
C002915,316.1,0
C002916,233.9,0
C002917,245.2,2
C002918,177.8,1
C002919,342.0,1
C002920,379.2,1
C002921,285.1,1
C002922,119.1,5
C002923,303.9,0
C002924,382.4,0
C002925,160.5,0
C002926,317.7,2
C002927,235.0,2
C002928,349.5,2
C002929,157.4,1
C002930,215.3,1
C002931,124.6,2
C002932,277.2,2
C002933,294.2,2
C002934,277.5,1
C002935,208.7,0
C002936,214.8,0
C002937,223.8,2
C002938,320.8,1
C002939,133.8,1
C002940,222.8,3
C002941,132.2,0
C002942,217.3,1
C002943,248.9,1
C002944,418.0,1
C002945,196.6,7
C002946,332.2,0
C002947,113.2,1
C002948,253.2,1
C002949,253.0,2
C002950,309.6,0
C002951,206.3,0
C002952,187.2,4
C002953,83.6,1
C002954,276.5,0
C002955,198.6,0
C002956,332.0,0
C002957,290.9,5
C002958,344.8,0
C002959,180.1,1
C002960,266.4,0
C002961,265.2,0
C002962,210.3,2
C002963,348.4,0
C002964,312.5,1
C002965,412.5,1
C002966,305.6,0
C002967,399.5,2
C002968,397.7,1
C002969,210.7,0
C002970,132.4,4
C002971,384.9,3
C002972,305.5,2
C002973,291.7,1
C002974,214.1,2
C002975,281.8,2
C002976,331.4,0
C002977,302.7,2
C002978,200.9,0
C002979,373.4,4
C002980,260.0,2
C002981,304.3,1
C002982,317.2,1
C002983,420.5,2
C002984,283.2,3
C002985,245.8,0
C002986,403.1,1
C002987,338.6,2
C002988,274.5,0
C002989,269.4,3
C002990,93.2,2
C002991,243.0,1
C002992,137.8,1
C002993,50.0,1
C002994,202.3,7
C002995,139.5,2
C002996,221.6,2
C002997,274.6,0
C002998,290.7,1
C002999,241.3,3
C003000,146.9,2
C003001,240.3,1
C003002,164.7,2
C003003,362.3,1
C003004,238.2,1
C003005,158.9,1
C003006,165.9,0
C003007,250.6,0
C003008,254.7,0
C003009,234.5,5
C003010,329.5,2
C003011,173.1,3
C003012,330.3,2
C003013,242.5,2
C003014,319.0,4
C003015,200.0,0
C003016,312.2,0
C003017,185.4,4
C003018,381.8,1
C003019,243.6,3
C003020,215.5,5
C003021,156.1,5
C003022,263.5,3
C003023,238.1,0
C003024,143.0,5
C003025,191.1,2
C003026,93.7,3
C003027,159.6,1
C003028,240.2,1
C003029,278.3,6
C003030,224.1,3
C003031,287.7,1
C003032,173.3,2
C003033,285.5,0
C003034,243.8,2
C003035,233.5,1
C003036,249.7,0
C003037,202.1,5
C003038,127.2,0
C003039,166.4,7
C003040,137.1,3
C003041,231.8,4
C003042,304.6,3
C003043,368.7,1
C003044,213.1,1
C003045,237.1,4
C003046,400.6,1
C003047,217.8,2
C003048,199.9,0
C003049,239.6,2
C003050,216.0,2
C003051,195.7,1
C003052,137.4,1
C003053,377.4,0
C003054,294.1,1
C003055,379.3,6
C003056,326.4,1
C003057,251.2,2
C003058,116.4,4
C003059,177.3,1
C003060,222.1,0
C003061,172.9,0
C003062,104.4,0
C003063,178.7,7
C003064,234.5,0
C003065,377.2,2
C003066,196.2,1
C003067,302.4,1
C003068,171.9,0
C003069,232.0,0
C003070,247.2,1
C003071,378.0,0
C003072,50.0,0
C003073,185.1,4
C003074,269.8,0
C003075,283.4,2
C003076,155.8,3
C003077,246.9,0
C003078,251.0,0
C003079,367.7,2
C003080,266.7,0
C003081,238.7,3
C003082,193.7,2
C003083,298.6,0
C003084,229.6,5
C003085,204.7,0
C003086,171.6,3
C003087,226.2,2
C003088,305.9,2
C003089,209.0,6
C003090,252.8,1
C003091,205.4,3
C003092,263.6,1
C003093,256.7,1
C003094,187.0,0
C003095,316.5,5
C003096,133.5,2
C003097,340.8,0
C003098,276.3,0
C003099,297.0,1
C003100,117.9,3
C003101,245.9,0
C003102,372.7,2
C003103,238.4,0
C003104,260.4,2
C003105,158.5,0
C003106,134.9,0
C003107,268.4,7
C003108,195.8,4
C003109,205.7,1
C003110,255.1,0
C003111,304.9,0
C003112,292.1,1
C003113,258.0,2
C003114,321.0,1
C003115,333.5,1
C003116,239.5,1
C003117,383.5,2
C003118,163.0,1
C003119,127.4,1
C003120,360.7,1
C003121,194.0,1
C003122,50.0,0
C003123,223.9,1
C003124,348.3,0
C003125,225.4,0
C003126,108.0,1
C003127,226.8,1
C003128,235.1,0
C003129,223.1,3
C003130,192.5,3
C003131,196.3,1
C003132,308.2,1
C003133,203.6,2
C003134,262.9,4
C003135,262.6,5
C003136,200.7,2
C003137,189.8,1
C003138,255.6,1
C003139,117.8,1
C003140,409.5,2
C003141,204.2,2
C003142,218.7,4
C003143,308.9,4
C003144,236.4,1
C003145,216.6,2
C003146,143.0,0
C003147,258.2,1
C003148,206.3,0
C003149,416.5,1
C003150,233.6,3
C003151,68.6,3
C003152,326.0,3
C003153,170.0,1
C003154,258.5,0
C003155,362.4,1
C003156,225.3,1
C003157,233.6,2
C003158,324.8,0
C003159,364.0,8
C003160,239.0,1
C003161,411.8,1
C003162,110.9,2
C003163,177.8,1
C003164,211.8,0
C003165,334.5,2
C003166,268.4,1
C003167,196.0,0
C003168,159.9,1
C003169,130.5,1
C003170,291.3,0
C003171,218.8,1
C003172,331.1,3
C003173,135.3,6
C003174,284.2,1
C003175,246.6,1
C003176,200.9,0
C003177,206.7,1
C003178,258.2,1
C003179,247.5,2
C003180,178.7,0
C003181,291.2,0
C003182,346.4,0
C003183,230.5,0
C003184,296.5,0
C003185,237.2,2
C003186,442.8,1
C003187,251.1,3
C003188,306.1,1
C003189,343.4,4
C003190,198.7,0
C003191,306.5,3
C003192,319.0,6
C003193,284.4,2
C003194,311.1,3
C003195,198.2,1
C003196,421.8,2
C003197,58.1,1
C003198,182.7,0
C003199,143.0,1
C003200,387.8,3
C003201,239.5,2
C003202,174.4,2
C003203,201.6,1
C003204,128.0,1
C003205,300.2,0
C003206,308.2,2
C003207,274.3,1
C003208,192.7,0
C003209,372.1,0
C003210,312.5,5
C003211,110.4,0
C003212,234.5,2
C003213,157.5,2
C003214,367.8,0
C003215,214.1,1
C003216,139.7,2
C003217,238.3,0
C003218,377.2,1
C003219,319.2,3
C003220,208.3,0
C003221,236.1,2
C003222,329.6,1
C003223,361.6,4
C003224,125.9,1
C003225,262.3,6
C003226,221.6,1
C003227,211.0,4
C003228,357.4,1
C003229,141.6,2
C003230,314.4,1
C003231,67.4,5
C003232,192.0,2
C003233,252.7,0
C003234,145.1,1
C003235,426.3,1
C003236,192.6,0
C003237,186.2,1
C003238,194.5,3
C003239,296.7,0
C003240,322.6,1
C003241,214.9,1
C003242,275.3,1
C003243,281.6,2
C003244,134.7,0
C003245,240.5,1
C003246,199.6,1
C003247,125.5,1
C003248,267.1,3
C003249,331.2,0
C003250,253.5,1
C003251,50.0,0
C003252,213.4,0
C003253,178.5,1
C003254,392.4,1
C003255,222.9,7
C003256,120.9,0
C003257,246.3,1
C003258,300.8,6
C003259,257.9,1
C003260,185.8,5
C003261,213.3,2
C003262,311.2,3
C003263,258.1,2
C003264,412.0,3
C003265,257.8,0
C003266,127.8,2
C003267,234.0,0
C003268,204.9,0
C003269,125.8,1
C003270,260.4,1
C003271,216.6,3
C003272,262.0,1
C003273,396.4,1
C003274,239.7,0
C003275,332.0,1
C003276,234.7,3
C003277,283.2,0
C003278,259.6,2
C003279,271.4,0
C003280,239.5,0
C003281,366.0,0
C003282,300.6,7
C003283,259.3,0
C003284,322.7,1
C003285,260.3,0
C003286,339.3,0
C003287,155.6,0
C003288,420.5,1
C003289,263.8,0
C003290,158.7,0
C003291,309.9,0
C003292,353.5,1
C003293,168.0,0
C003294,212.3,1
C003295,331.2,1
C003296,295.2,4
C003297,214.8,2
C003298,230.1,0
C003299,150.0,0
C003300,171.0,1
C003301,116.2,1
C003302,222.1,2
C003303,304.2,2
C003304,228.7,0
C003305,339.3,2
C003306,198.3,0
C003307,130.7,0
C003308,342.4,0
C003309,279.4,4
C003310,348.2,0
C003311,223.1,0
C003312,377.2,1
C003313,163.9,0
C003314,227.0,0
C003315,282.6,0
C003316,212.5,0
C003317,268.2,0
C003318,349.8,3
C003319,280.1,3
C003320,235.7,2
C003321,348.1,0
C003322,291.0,1
C003323,249.4,2
C003324,243.6,1
C003325,220.6,1
C003326,317.4,0
C003327,320.5,1
C003328,351.2,2
C003329,284.4,4
C003330,206.5,2
C003331,276.5,0
C003332,205.0,3
C003333,263.0,2
C003334,362.8,1
C003335,344.5,2
C003336,322.4,4
C003337,248.2,1
C003338,321.7,5
C003339,198.7,0
C003340,133.1,3
C003341,271.8,2
C003342,220.0,1
C003343,392.7,2
C003344,380.6,2
C003345,194.9,2
C003346,305.6,2
C003347,92.0,1
C003348,277.1,4
C003349,275.1,1
C003350,170.6,5
C003351,263.2,0
C003352,175.7,0
C003353,318.2,1
C003354,264.9,1
C003355,369.4,1
C003356,127.5,0
C003357,180.6,1
C003358,211.2,0
C003359,289.2,1
C003360,271.7,0
C003361,284.0,2
C003362,198.1,2
C003363,97.8,2
C003364,189.2,1
C003365,362.7,1
C003366,200.4,1
C003367,264.2,1
C003368,254.9,1
C003369,264.7,1
C003370,143.2,3
C003371,315.4,2
C003372,242.1,1
C003373,434.8,0
C003374,220.2,0
C003375,328.2,1
C003376,219.0,0
C003377,403.5,3
C003378,308.5,1
C003379,147.2,1
C003380,362.6,1
C003381,312.0,2
C003382,212.6,4
C003383,120.9,2
C003384,345.8,2
C003385,388.2,2
C003386,339.5,2
C003387,319.6,0
C003388,294.6,1
C003389,334.7,0
C003390,229.0,1
C003391,104.8,2
C003392,310.7,0
C003393,281.4,2
C003394,137.7,0
C003395,74.6,4
C003396,256.5,1
C003397,237.6,4
C003398,230.8,1
C003399,296.4,1
C003400,190.4,0
C003401,305.0,1
C003402,305.6,1
C003403,50.0,0
C003404,244.5,0
C003405,266.0,5
C003406,309.8,1
C003407,293.9,0
C003408,109.9,2
C003409,257.7,2
C003410,229.2,0
C003411,336.0,0
C003412,154.1,5
C003413,249.8,3
C003414,319.7,1
C003415,310.8,0
C003416,237.6,2
C003417,344.4,0
C003418,191.5,1
C003419,308.6,5
C003420,321.9,1
C003421,140.5,2
C003422,354.2,8
C003423,118.1,1
C003424,279.9,0
C003425,212.5,0
C003426,331.0,0
C003427,276.4,2
C003428,393.3,1
C003429,340.9,1
C003430,260.5,0
C003431,346.4,1
C003432,241.7,0
C003433,162.9,4
C003434,213.4,0
C003435,240.8,10
C003436,50.0,1
C003437,360.7,2
C003438,242.2,0
C003439,327.1,0
C003440,262.8,2
C003441,126.7,1
C003442,256.4,8
C003443,240.4,4
C003444,195.1,1
C003445,218.8,3
C003446,252.1,9
C003447,53.7,2
C003448,278.8,0
C003449,298.3,2
C003450,290.1,3
C003451,227.5,0
C003452,407.1,1
C003453,290.9,4
C003454,216.6,0
C003455,150.9,0
C003456,140.8,2
C003457,282.0,2
C003458,307.7,1
C003459,259.9,0
C003460,245.5,1
C003461,222.9,2
C003462,289.4,6
C003463,187.9,0
C003464,248.4,1
C003465,257.4,2
C003466,296.1,4
C003467,184.5,0
C003468,169.7,0
C003469,254.0,0
C003470,266.6,7
C003471,249.6,1
C003472,50.0,1
C003473,276.6,2
C003474,455.5,2
C003475,323.5,1
C003476,93.5,5
C003477,217.6,0
C003478,234.4,1
C003479,224.3,0
C003480,150.9,3
C003481,178.6,1
C003482,324.7,4
C003483,309.8,1
C003484,241.1,1
C003485,325.8,1
C003486,197.5,5
C003487,222.6,1
C003488,220.8,1
C003489,125.9,2
C003490,229.5,0
C003491,381.0,2
C003492,372.3,0
C003493,259.4,0
C003494,232.5,1
C003495,391.5,5
C003496,230.3,0
C003497,208.5,1
C003498,326.6,3
C003499,113.1,2
C003500,241.1,0
C003501,244.7,1
C003502,291.2,1
C003503,202.6,2
C003504,236.4,1
C003505,257.5,2
C003506,229.6,6
C003507,235.2,1
C003508,316.6,0
C003509,296.5,2
C003510,291.4,0
C003511,118.5,0
C003512,284.4,2
C003513,182.8,3
C003514,409.3,0
C003515,249.3,0
C003516,234.3,0
C003517,371.5,0
C003518,346.7,0
C003519,231.0,2
C003520,155.9,14
C003521,108.9,1
C003522,166.2,1
C003523,275.7,1
C003524,238.2,2
C003525,175.0,1
C003526,218.6,0
C003527,387.4,1
C003528,339.6,1
C003529,390.2,3
C003530,194.8,0
C003531,314.6,3
C003532,306.3,1
C003533,367.5,4
C003534,250.9,0
C003535,187.4,2
C003536,177.9,1
C003537,248.9,1
C003538,256.2,0
C003539,271.8,3
C003540,138.3,0
C003541,353.5,0
C003542,141.8,0
C003543,353.3,0
C003544,224.2,0
C003545,397.6,3
C003546,110.3,2
C003547,344.0,2
C003548,167.5,0
C003549,161.8,0
C003550,382.5,2
C003551,310.2,5
C003552,131.8,1
C003553,266.2,1
C003554,362.4,3
C003555,294.7,1
C003556,252.5,1
C003557,342.1,0
C003558,279.5,1
C003559,117.2,3
C003560,257.7,0
C003561,288.7,2
C003562,267.8,7
C003563,217.6,2
C003564,286.6,1
C003565,264.7,3
C003566,90.7,4
C003567,143.9,0
C003568,274.8,1
C003569,309.7,0
C003570,187.8,0
C003571,309.0,2
C003572,290.0,1
C003573,234.9,1
C003574,284.1,0
C003575,282.4,0
C003576,320.1,0
C003577,323.9,1
C003578,166.6,2
C003579,191.4,2
C003580,368.1,3
C003581,320.6,6
C003582,301.1,2
C003583,313.6,1
C003584,341.0,2
C003585,260.7,2
C003586,219.7,1
C003587,294.9,1
C003588,247.9,3
C003589,373.9,0
C003590,372.7,0
C003591,321.3,2
C003592,147.9,2
C003593,162.4,1
C003594,144.8,2
C003595,264.9,2
C003596,323.8,1
C003597,225.4,5
C003598,198.3,0
C003599,258.3,2
C003600,187.3,0
C003601,271.3,1
C003602,230.5,0
C003603,197.4,5
C003604,259.2,1
C003605,321.0,3
C003606,128.5,1
C003607,263.5,6
C003608,82.1,2
C003609,229.6,0
C003610,305.6,2
C003611,331.8,3
C003612,208.0,1
C003613,207.2,0
C003614,231.6,1
C003615,161.8,2
C003616,263.0,2
C003617,169.8,2
C003618,294.5,2
C003619,192.7,0
C003620,224.4,0
C003621,290.0,6
C003622,300.8,4
C003623,297.2,6
C003624,271.1,5
C003625,163.1,1
C003626,247.5,2
C003627,236.1,0
C003628,216.3,3
C003629,255.9,0
C003630,181.1,0
C003631,247.2,1
C003632,226.0,1
C003633,213.4,2
C003634,160.7,1
C003635,158.6,2
C003636,357.4,0
C003637,259.2,3
C003638,395.0,2
C003639,398.9,1
C003640,348.4,5
C003641,147.5,2
C003642,362.9,1
C003643,239.9,3
C003644,227.8,2
C003645,216.4,4
C003646,222.0,3
C003647,282.0,0
C003648,434.0,0
C003649,118.9,3
C003650,405.5,2
C003651,370.7,1
C003652,235.8,1
C003653,210.2,1
C003654,142.2,1
C003655,177.4,0
C003656,201.4,1
C003657,241.7,0
C003658,247.6,1
C003659,310.9,3
C003660,302.1,0
C003661,269.1,5
C003662,246.5,6
C003663,341.5,0
C003664,317.2,0
C003665,285.6,2
C003666,217.5,0
C003667,338.5,0
C003668,316.8,0
C003669,230.3,7
C003670,96.6,1
C003671,257.6,0
C003672,194.6,2
C003673,307.4,2
C003674,267.3,0
C003675,116.2,3
C003676,273.6,9
C003677,387.2,1
C003678,237.8,0
C003679,249.3,3
C003680,222.6,3
C003681,255.8,1
C003682,373.2,2
C003683,334.4,0
C003684,203.9,2
C003685,244.2,1
C003686,249.4,3
C003687,282.9,3
C003688,284.4,0
C003689,242.3,4
C003690,150.4,1
C003691,240.8,1
C003692,221.0,0
C003693,178.2,1
C003694,313.1,3
C003695,251.5,2
C003696,167.4,0
C003697,408.4,4
C003698,283.3,0
C003699,313.4,0
C003700,333.8,1
C003701,215.1,0
C003702,293.5,5
C003703,95.6,1
C003704,327.0,1
C003705,244.6,0
C003706,292.1,1
C003707,244.4,0
C003708,395.4,5
C003709,347.9,3
C003710,50.0,1
C003711,294.2,1
C003712,227.4,0
C003713,297.4,1
C003714,296.3,1
C003715,190.6,1
C003716,240.7,0
C003717,168.4,0
C003718,368.9,0
C003719,276.2,0
C003720,284.6,2
C003721,274.3,3
C003722,165.2,4
C003723,300.6,3
C003724,392.8,5
C003725,125.5,0
C003726,256.4,0
C003727,310.8,1
C003728,190.1,2
C003729,308.6,0
C003730,253.6,6
C003731,193.0,1
C003732,50.0,1
C003733,242.1,0
C003734,244.1,1
C003735,355.1,0
C003736,277.1,1
C003737,207.6,0
C003738,124.3,3
C003739,320.0,0
C003740,259.4,2
C003741,218.5,1
C003742,206.7,0
C003743,349.5,0
C003744,361.3,1
C003745,199.9,0
C003746,66.1,1
C003747,232.9,3
C003748,268.1,1
C003749,255.8,0
C003750,124.1,2
C003751,372.6,1
C003752,101.2,2
C003753,190.1,2
C003754,168.2,0
C003755,164.0,1
C003756,75.4,2
C003757,254.9,5
C003758,363.2,0
C003759,236.8,0
C003760,169.4,1
C003761,362.8,3
C003762,317.1,0
C003763,182.4,5
C003764,275.8,0
C003765,336.3,1
C003766,177.7,1
C003767,259.7,1
C003768,218.9,3
C003769,154.6,2
C003770,263.3,1
C003771,284.6,0
C003772,253.5,2
C003773,184.7,3
C003774,418.1,0
C003775,210.8,9
C003776,294.7,2
C003777,314.6,2
C003778,50.7,1
C003779,316.3,7
C003780,250.7,1
C003781,229.0,1
C003782,240.2,2
C003783,296.6,1
C003784,67.4,0
C003785,252.6,2
C003786,284.5,5
C003787,422.9,8
C003788,142.0,2
C003789,285.5,1
C003790,211.3,5
C003791,288.8,1
C003792,319.3,2
C003793,191.2,1
C003794,406.4,0
C003795,355.7,10
C003796,313.1,1
C003797,221.5,5
C003798,205.6,2
C003799,285.2,4
C003800,218.5,2
C003801,208.1,3
C003802,403.2,6
C003803,293.8,4
C003804,315.9,2
C003805,400.1,0
C003806,256.6,0
C003807,199.4,3
C003808,164.4,2
C003809,358.4,0
C003810,220.2,2
C003811,50.0,0
C003812,50.0,0
C003813,132.0,0
C003814,219.9,0
C003815,231.9,1
C003816,292.1,1
C003817,159.0,2
C003818,267.5,3
C003819,320.7,3
C003820,238.5,2
C003821,212.8,0
C003822,180.7,2
C003823,341.7,6
C003824,140.4,1
C003825,376.2,2
C003826,248.2,0
C003827,166.9,2
C003828,317.3,6
C003829,290.7,2
C003830,283.3,0
C003831,306.3,2
C003832,263.0,2
C003833,286.7,0
C003834,358.9,1
C003835,266.2,0
C003836,315.6,2
C003837,74.0,1
C003838,275.9,1
C003839,451.8,0
C003840,107.1,2
C003841,410.0,4
C003842,307.7,0
C003843,114.2,0
C003844,253.2,1
C003845,282.2,2
C003846,322.9,1
C003847,215.2,1
C003848,305.7,1
C003849,360.8,1
C003850,320.9,0
C003851,345.5,0
C003852,214.4,2
C003853,304.8,1
C003854,434.0,0
C003855,163.6,0
C003856,283.8,1
C003857,160.8,2
C003858,350.4,2
C003859,91.9,1
C003860,204.6,3
C003861,434.6,0
C003862,210.4,0
C003863,245.1,1
C003864,349.7,1
C003865,238.9,0
C003866,87.4,0
C003867,164.4,0
C003868,355.4,7
C003869,367.7,2
C003870,89.4,1
C003871,174.0,1
C003872,196.2,0
C003873,219.5,1
C003874,175.7,3
C003875,258.5,2
C003876,204.2,2
C003877,215.7,0
C003878,159.4,5
C003879,312.7,2
C003880,139.0,3
C003881,280.5,1
C003882,330.3,1
C003883,409.3,3
C003884,290.0,1
C003885,268.1,3
C003886,114.8,3
C003887,367.8,1
C003888,261.4,1
C003889,274.7,0
C003890,281.6,1
C003891,259.1,2
C003892,250.6,1
C003893,220.8,1
C003894,308.2,0
C003895,130.0,0
C003896,128.3,3
C003897,182.2,0
C003898,349.9,1
C003899,285.6,1
C003900,199.2,1
C003901,186.0,8
C003902,243.6,3
C003903,282.0,2
C003904,358.9,1
C003905,414.2,1
C003906,239.9,1
C003907,426.2,1
C003908,256.4,3
C003909,274.2,2
C003910,328.3,6
C003911,339.9,0
C003912,376.0,1
C003913,147.1,1
C003914,259.8,0
C003915,350.4,0
C003916,164.6,0
C003917,100.2,0
C003918,131.1,0
C003919,240.3,1
C003920,411.7,0
C003921,129.3,0
C003922,156.7,3
C003923,209.7,0
C003924,170.5,4
C003925,156.0,3
C003926,86.9,0
C003927,207.7,0
C003928,406.8,1
C003929,294.4,1
C003930,344.1,5
C003931,201.6,4
C003932,182.6,2
C003933,291.7,3
C003934,256.7,3
C003935,245.6,3
C003936,384.2,0
C003937,185.6,3
C003938,174.5,1
C003939,318.1,1
C003940,307.4,0
C003941,166.5,0
C003942,256.3,0
C003943,106.5,3
C003944,273.8,1
C003945,212.5,5
C003946,230.3,1
C003947,158.8,0
C003948,345.6,2
C003949,271.0,0
C003950,329.5,2
C003951,241.6,1
C003952,345.2,1
C003953,100.6,1
C003954,250.5,1
C003955,345.6,1
C003956,91.5,1
C003957,260.3,1
C003958,296.2,1
C003959,219.2,2
C003960,329.6,0
C003961,330.4,1
C003962,200.5,5
C003963,219.1,0
C003964,157.1,5
C003965,275.4,3
C003966,266.2,1
C003967,250.2,1
C003968,258.1,2
C003969,181.4,1
C003970,135.7,0
C003971,285.5,3
C003972,234.1,5
C003973,167.5,0
C003974,192.0,2
C003975,323.5,0
C003976,318.9,7
C003977,303.0,0
C003978,246.7,0
C003979,195.4,1
C003980,355.8,4
C003981,224.1,0
C003982,271.6,1
C003983,182.0,1
C003984,230.9,4
C003985,50.0,1
C003986,199.7,2
C003987,128.1,1
C003988,267.4,6
C003989,202.3,4
C003990,225.9,1
C003991,420.4,5
C003992,168.3,2
C003993,259.8,1
C003994,267.6,0
C003995,174.0,2
C003996,338.3,0
C003997,381.7,0
C003998,346.0,0
C003999,173.7,0
C004000,193.8,4
C004001,87.9,2
C004002,235.5,2
C004003,241.2,3
C004004,312.4,2
C004005,391.1,0
C004006,149.3,0
C004007,261.1,0
C004008,231.9,1
C004009,237.9,0
C004010,375.1,2
C004011,257.7,2
C004012,294.0,2
C004013,287.9,0
C004014,267.4,4
C004015,188.6,4
C004016,399.7,2
C004017,247.3,1
C004018,292.5,4
C004019,270.3,10
C004020,81.1,3
C004021,166.6,1
C004022,259.1,0
C004023,182.0,2
C004024,282.2,0
C004025,177.2,1
C004026,251.4,7
C004027,113.4,0
C004028,316.9,1
C004029,286.1,1
C004030,289.8,3
C004031,242.7,2
C004032,194.2,1
C004033,376.2,1
C004034,383.3,1
C004035,244.3,0
C004036,204.3,0
C004037,111.7,7
C004038,268.0,0
C004039,196.5,2
C004040,211.6,0
C004041,327.1,3
C004042,173.0,1
C004043,403.5,0
C004044,168.6,1
C004045,86.2,1
C004046,197.4,1
C004047,278.5,0
C004048,260.9,2
C004049,264.6,0
C004050,227.8,2
C004051,209.9,0
C004052,150.8,1
C004053,260.4,0
C004054,334.5,2
C004055,251.1,1
C004056,189.1,0
C004057,261.7,0
C004058,367.1,3
C004059,233.7,1
C004060,151.1,0
C004061,267.6,2
C004062,297.2,1
C004063,319.4,2
C004064,305.8,1
C004065,263.3,0
C004066,183.3,2
C004067,171.3,0
C004068,223.0,1
C004069,299.2,0
C004070,198.0,5
C004071,210.7,0
C004072,179.2,1
C004073,374.9,6
C004074,232.2,1
C004075,303.7,0
C004076,376.4,1
C004077,173.9,0
C004078,310.7,1
C004079,242.5,0
C004080,362.5,1
C004081,186.6,3
C004082,267.1,1
C004083,300.8,1
C004084,195.2,2
C004085,233.4,4
C004086,238.7,1
C004087,337.5,0
C004088,427.4,2
C004089,376.2,0
C004090,365.1,2
C004091,50.0,2
C004092,260.6,0
C004093,255.1,1
C004094,314.1,1
C004095,134.7,0
C004096,308.0,0
C004097,83.2,2
C004098,332.2,4
C004099,118.1,1
C004100,348.0,1
C004101,344.0,8
C004102,223.3,1
C004103,285.1,9
C004104,249.7,3
C004105,131.7,0
C004106,295.0,3
C004107,345.0,0
C004108,224.2,0
C004109,301.1,2
C004110,179.8,0
C004111,323.4,0
C004112,250.8,3
C004113,248.8,0
C004114,287.5,1
C004115,372.3,3
C004116,292.1,1
C004117,163.4,2
C004118,192.5,0
C004119,244.2,7
C004120,289.7,1
C004121,157.1,4
C004122,277.9,0
C004123,321.1,1
C004124,210.0,0
C004125,407.7,3
C004126,190.6,2
C004127,266.1,1
C004128,82.9,2
C004129,224.7,1
C004130,238.1,7
C004131,215.8,8
C004132,191.0,0
C004133,208.6,2
C004134,300.7,2
C004135,96.5,0
C004136,101.2,0
C004137,210.7,1
C004138,240.2,1
C004139,187.4,6
C004140,255.1,1
C004141,299.6,0
C004142,328.3,1
C004143,355.9,0
C004144,144.0,0
C004145,188.3,2
C004146,179.8,4
C004147,330.9,1
C004148,199.4,2
C004149,274.6,2
C004150,136.8,0
C004151,198.5,4
C004152,178.3,6
C004153,304.7,1
C004154,150.3,4
C004155,392.8,1
C004156,267.2,0
C004157,191.7,0
C004158,277.3,0
C004159,184.9,3
C004160,165.0,6
C004161,305.9,3
C004162,359.5,1
C004163,280.5,0
C004164,151.7,1
C004165,184.7,2
C004166,372.3,3
C004167,313.5,5
C004168,159.8,3
C004169,192.9,3
C004170,265.0,1
C004171,238.5,1
C004172,417.1,0
C004173,191.5,3
C004174,297.9,1
C004175,273.8,3
C004176,117.2,3
C004177,58.5,0
C004178,219.2,1
C004179,283.5,2
C004180,377.2,0
C004181,187.4,3
C004182,288.0,0
C004183,226.8,3
C004184,388.2,0
C004185,246.8,1
C004186,214.8,0
C004187,263.6,2
C004188,265.4,0
C004189,361.7,1
C004190,250.4,3
C004191,284.4,2
C004192,117.7,2
C004193,157.6,2
C004194,219.9,1
C004195,258.3,6
C004196,189.1,3
C004197,272.7,0
C004198,208.1,3
C004199,385.9,2
C004200,233.5,1
C004201,284.5,0
C004202,232.5,0
C004203,242.6,4
C004204,293.7,1
C004205,261.0,4
C004206,208.3,0
C004207,276.8,0
C004208,237.3,1
C004209,296.6,1
C004210,341.8,2
C004211,329.4,1
C004212,165.0,1
C004213,50.0,3
C004214,430.6,2
C004215,292.0,2
C004216,280.2,7
C004217,193.1,0
C004218,86.0,0
C004219,89.8,0
C004220,223.0,1
C004221,262.2,0
C004222,384.8,1
C004223,269.5,0
C004224,303.6,6
C004225,207.4,1
C004226,213.4,0
C004227,132.1,7
C004228,151.7,4
C004229,150.9,1
C004230,220.9,1
C004231,116.9,1
C004232,185.1,2
C004233,246.9,4
C004234,57.8,0
C004235,368.6,1
C004236,392.5,0
C004237,332.6,2
C004238,281.4,1
C004239,276.1,0
C004240,292.5,6
C004241,256.9,3
C004242,264.6,11
C004243,117.1,0
C004244,259.3,1
C004245,289.9,1
C004246,277.1,5
C004247,341.8,1
C004248,367.5,7
C004249,208.0,0
C004250,159.3,0
C004251,350.5,0
C004252,303.2,0
C004253,204.2,1
C004254,232.1,3
C004255,225.7,0
C004256,271.7,2
C004257,364.9,0
C004258,178.4,1
C004259,273.4,3
C004260,270.5,1
C004261,91.0,4
C004262,450.4,0
C004263,266.8,2
C004264,342.5,1
C004265,120.6,0
C004266,404.2,2
C004267,221.8,2
C004268,65.7,2
C004269,136.2,0
C004270,151.7,5
C004271,188.1,0
C004272,146.8,0
C004273,314.8,0
C004274,264.3,2
C004275,290.9,1
C004276,284.4,1
C004277,230.4,4
C004278,125.2,0
C004279,129.1,2
C004280,132.5,1
C004281,162.6,0
C004282,385.5,1
C004283,130.3,0
C004284,368.3,1
C004285,165.7,2
C004286,141.6,3
C004287,283.7,1
C004288,351.4,1
C004289,120.1,0
C004290,242.8,5
C004291,345.0,1
C004292,322.9,7
C004293,126.4,2
C004294,233.6,2
C004295,121.3,3
C004296,279.9,5
C004297,263.2,2
C004298,295.2,4
C004299,173.6,1
C004300,194.1,1
C004301,329.1,5
C004302,332.5,1
C004303,383.8,3
C004304,363.7,1
C004305,118.1,0
C004306,347.9,3
C004307,247.2,0
C004308,308.2,1
C004309,223.0,2
C004310,176.8,2
C004311,227.2,0
C004312,255.2,5
C004313,273.2,0
C004314,327.9,0
C004315,167.0,1
C004316,160.0,1
C004317,119.6,1
C004318,232.2,0
C004319,180.0,1
C004320,223.5,1
C004321,252.0,1
C004322,107.4,1
C004323,205.6,8
C004324,279.0,3
C004325,255.5,1
C004326,220.1,1
C004327,247.2,1
C004328,228.2,2
C004329,170.3,1
C004330,156.8,2
C004331,465.0,0
C004332,300.3,0
C004333,336.5,1
C004334,298.3,0
C004335,361.4,2
C004336,295.9,1
C004337,81.6,2
C004338,182.9,1
C004339,268.9,2
C004340,266.7,0
C004341,260.5,0
C004342,160.7,1
C004343,205.1,1
C004344,269.8,0
C004345,252.9,1
C004346,312.0,0
C004347,164.0,3
C004348,288.9,0
C004349,204.2,1
C004350,221.5,1
C004351,245.5,0
C004352,111.5,0
C004353,260.2,5
C004354,350.6,3
C004355,152.7,1
C004356,398.6,5
C004357,198.2,0
C004358,297.1,6
C004359,144.1,0
C004360,422.7,1
C004361,165.2,2
C004362,266.6,1
C004363,207.1,1
C004364,246.0,0
C004365,259.0,1
C004366,223.9,1
C004367,195.6,1
C004368,246.2,7
C004369,244.5,0
C004370,275.9,0
C004371,288.8,2
C004372,314.9,3
C004373,294.9,0
C004374,260.6,0
C004375,229.5,1
C004376,127.4,2
C004377,262.4,6
C004378,337.6,1
C004379,188.6,1
C004380,196.5,0
C004381,354.4,3
C004382,380.6,1
C004383,183.2,1
C004384,454.1,1
C004385,283.4,2
C004386,323.9,1
C004387,221.8,2
C004388,270.7,1
C004389,284.1,0
C004390,178.0,1
C004391,382.3,4
C004392,246.9,1
C004393,210.0,1
C004394,157.3,1
C004395,295.0,0
C004396,270.5,0
C004397,171.9,1
C004398,261.2,5
C004399,289.0,3
C004400,218.4,2
C004401,279.9,3
C004402,250.4,1
C004403,232.4,1
C004404,173.2,4
C004405,265.9,1
C004406,84.1,3
C004407,365.0,2
C004408,345.0,1
C004409,168.0,0
C004410,134.9,0
C004411,343.5,0
C004412,236.7,0
C004413,254.8,1
C004414,251.9,4
C004415,144.9,7
C004416,312.8,4
C004417,285.9,1
C004418,251.5,0
C004419,68.5,1
C004420,290.3,2
C004421,280.3,6
C004422,242.4,0
C004423,327.2,7
C004424,340.3,0
C004425,276.9,2
C004426,129.0,1
C004427,148.8,7
C004428,194.2,5
C004429,230.1,2
C004430,317.3,0
C004431,276.4,1
C004432,236.7,8
C004433,300.3,0
C004434,188.0,2
C004435,300.2,0
C004436,268.2,2
C004437,291.9,2
C004438,317.7,0
C004439,246.2,5
C004440,90.7,2
C004441,197.3,1
C004442,312.5,1
C004443,204.8,0
C004444,196.8,2
C004445,255.0,6
C004446,337.5,0
C004447,286.6,5
C004448,389.3,1
C004449,282.1,2
C004450,279.0,0
C004451,231.3,1
C004452,125.9,1
C004453,261.8,1
C004454,253.3,1
C004455,303.1,1
C004456,274.4,0
C004457,271.5,3
C004458,340.8,0
C004459,229.1,1
C004460,317.1,1
C004461,353.1,6
C004462,205.7,0
C004463,217.4,0
C004464,188.6,1
C004465,141.4,1
C004466,397.5,1
C004467,500.0,6
C004468,266.8,1
C004469,223.5,0
C004470,389.0,1
C004471,298.1,3
C004472,189.7,2
C004473,179.7,0
C004474,315.5,4
C004475,280.7,1
C004476,339.8,1
C004477,306.3,1
C004478,152.4,1
C004479,188.1,1
C004480,179.8,4
C004481,267.4,0
C004482,240.1,2
C004483,213.5,2
C004484,225.1,1
C004485,303.9,0
C004486,235.5,0
C004487,195.5,0
C004488,145.6,2
C004489,177.8,2
C004490,335.5,0
C004491,196.5,0
C004492,395.1,2
C004493,300.4,2
C004494,184.7,1
C004495,201.0,3
C004496,81.3,2
C004497,214.8,1
C004498,405.9,0
C004499,380.7,0
C004500,378.7,0
C004501,298.7,1
C004502,235.8,0
C004503,257.8,3
C004504,293.6,1
C004505,248.7,0
C004506,187.1,0
C004507,244.2,0
C004508,141.8,2
C004509,297.6,1
C004510,177.3,1
C004511,295.6,2
C004512,163.6,0
C004513,236.7,0
C004514,272.0,1
C004515,236.9,2
C004516,301.2,1
C004517,285.8,0
C004518,216.3,5
C004519,202.8,2
C004520,197.1,3
C004521,185.6,0
C004522,417.8,1
C004523,199.5,1
C004524,337.4,1
C004525,263.1,2
C004526,221.6,1
C004527,265.5,4
C004528,270.4,8
C004529,109.4,1
C004530,243.8,1
C004531,250.5,1
C004532,223.7,2
C004533,80.2,1
C004534,223.4,4
C004535,379.1,0
C004536,294.0,2
C004537,165.8,1
C004538,321.5,2
C004539,161.4,1
C004540,271.5,2
C004541,272.2,4
C004542,220.6,3
C004543,333.4,1
C004544,310.3,0
C004545,188.0,1
C004546,226.8,1
C004547,181.5,3
C004548,204.1,1
C004549,302.0,2
C004550,248.9,3
C004551,332.4,1
C004552,123.5,4
C004553,272.1,4
C004554,316.5,1
C004555,258.1,2
C004556,141.0,7
C004557,166.0,2
C004558,322.7,1
C004559,207.4,0
C004560,187.6,1
C004561,222.9,6
C004562,229.7,1
C004563,344.9,1
C004564,110.4,0
C004565,296.1,4
C004566,366.9,0
C004567,325.6,1
C004568,435.9,0
C004569,213.4,4
C004570,321.4,2
C004571,243.1,1
C004572,208.5,0
C004573,72.4,0
C004574,212.8,2
C004575,335.2,0
C004576,112.7,0
C004577,417.8,1
C004578,282.8,2
C004579,161.6,1
C004580,268.3,1
C004581,304.9,0
C004582,210.9,2
C004583,200.1,1
C004584,407.9,0
C004585,222.8,5
C004586,238.5,2
C004587,355.9,0
C004588,244.2,0
C004589,311.2,0
C004590,212.3,0
C004591,194.2,1
C004592,280.5,0
C004593,171.5,0
C004594,282.6,1
C004595,176.6,0
C004596,281.8,1
C004597,348.8,4
C004598,90.5,1
C004599,217.1,1
C004600,93.2,0
C004601,226.5,2
C004602,276.9,0
C004603,222.8,0
C004604,78.7,0
C004605,321.9,0
C004606,133.2,5
C004607,316.8,0
C004608,190.3,2
C004609,180.4,1
C004610,250.9,2
C004611,335.3,2
C004612,406.4,1
C004613,217.2,1
C004614,145.8,3
C004615,277.7,1
C004616,142.9,0
C004617,309.5,6
C004618,285.5,1
C004619,358.4,0
C004620,334.3,2
C004621,261.2,7
C004622,252.5,0
C004623,179.0,1
C004624,177.4,4
C004625,246.7,2
C004626,163.8,1
C004627,228.6,0
C004628,212.4,1
C004629,297.4,2
C004630,248.2,3
C004631,329.6,1
C004632,225.9,2
C004633,156.5,1
C004634,293.9,0
C004635,240.1,1
C004636,228.4,2
C004637,216.2,3
C004638,249.1,1
C004639,228.4,2
C004640,291.3,4
C004641,309.2,3
C004642,220.4,0
C004643,410.0,0
C004644,204.4,1
C004645,251.4,2
C004646,120.2,1
C004647,241.6,4
C004648,233.7,5
C004649,246.0,4
C004650,328.2,1
C004651,384.4,0
C004652,338.6,3
C004653,241.8,1
C004654,265.7,4
C004655,371.9,0
C004656,169.9,2
C004657,312.8,4
C004658,179.0,0
C004659,341.4,1
C004660,239.3,2
C004661,179.6,2
C004662,197.4,0
C004663,210.1,2
C004664,326.2,0
C004665,357.2,0
C004666,217.8,3
C004667,180.2,1
C004668,412.4,2
C004669,315.5,0
C004670,188.0,2
C004671,278.8,0
C004672,217.0,0
C004673,147.2,5
C004674,225.2,2
C004675,140.3,2
C004676,211.6,0
C004677,219.1,2
C004678,206.8,1
C004679,322.9,3
C004680,282.3,0
C004681,198.9,1
C004682,275.8,1
C004683,354.5,1
C004684,183.6,1
C004685,144.9,1
C004686,163.2,1
C004687,280.1,0
C004688,369.2,1
C004689,317.8,1
C004690,352.8,2
C004691,74.1,0
C004692,183.3,1
C004693,160.6,1
C004694,294.7,0
C004695,234.1,1
C004696,50.0,1
C004697,310.8,3
C004698,343.4,2
C004699,410.8,3
C004700,263.2,2
C004701,299.5,2
C004702,158.7,3
C004703,118.7,1
C004704,349.5,0
C004705,293.8,2
C004706,349.9,2
C004707,229.5,0
C004708,439.6,2
C004709,275.0,0
C004710,189.7,1
C004711,224.6,2
C004712,121.7,1
C004713,174.6,2
C004714,219.0,3
C004715,374.0,1
C004716,244.7,2
C004717,336.7,1
C004718,242.0,3
C004719,167.9,0
C004720,293.6,5
C004721,182.4,5
C004722,218.2,0
C004723,412.5,2
C004724,298.4,0
C004725,184.4,1
C004726,308.6,0
C004727,175.0,3
C004728,109.7,0
C004729,337.4,1
C004730,273.6,3
C004731,234.2,0
C004732,116.8,0
C004733,224.8,0
C004734,265.4,2
C004735,156.8,0
C004736,253.4,0
C004737,374.0,1
C004738,268.1,2
C004739,296.7,2
C004740,214.8,0
C004741,165.9,0
C004742,205.1,0
C004743,334.4,1
C004744,242.2,3
C004745,233.8,4
C004746,209.6,3
C004747,148.3,1
C004748,359.4,0
C004749,233.4,9
C004750,207.5,2
C004751,256.4,1
C004752,207.6,0
C004753,275.0,0
C004754,195.2,0
C004755,259.9,1
C004756,245.8,1
C004757,398.4,1
C004758,402.8,2
C004759,313.0,0
C004760,242.9,1
C004761,314.2,1
C004762,311.7,0
C004763,212.4,2
C004764,118.0,0
C004765,97.8,0
C004766,240.5,2
C004767,209.6,2
C004768,206.5,2
C004769,185.6,0
C004770,182.2,6
C004771,302.4,2
C004772,50.0,0
C004773,297.1,2
C004774,227.9,2
C004775,365.3,1
C004776,271.3,1
C004777,111.4,5
C004778,100.3,7
C004779,158.6,1
C004780,271.2,1
C004781,113.0,0
C004782,258.8,0
C004783,306.2,3
C004784,207.8,1
C004785,179.0,2
C004786,77.9,1
C004787,370.8,3
C004788,396.1,2
C004789,347.6,4
C004790,227.9,3
C004791,245.7,4
C004792,304.8,1
C004793,261.7,6
C004794,50.0,1
C004795,323.4,2
C004796,347.5,2
C004797,335.7,6
C004798,286.2,0
C004799,326.6,6
C004800,137.0,1
C004801,242.5,0
C004802,196.5,4
C004803,366.1,0
C004804,264.7,3
C004805,237.3,2
C004806,168.6,5
C004807,165.3,2
C004808,159.7,2
C004809,309.6,0
C004810,297.8,1
C004811,270.0,5
C004812,313.3,0
C004813,185.6,1
C004814,102.5,0
C004815,304.7,0
C004816,245.5,0
C004817,316.6,1
C004818,284.1,0
C004819,244.1,0
C004820,266.4,0
C004821,362.7,0
C004822,226.8,1
C004823,308.9,1
C004824,274.7,0
C004825,116.0,1
C004826,144.9,0
C004827,246.8,0
C004828,210.2,2
C004829,174.0,0
C004830,335.7,1
C004831,130.4,0
C004832,234.1,0
C004833,180.1,0
C004834,368.6,0
C004835,451.4,2
C004836,225.1,1
C004837,317.9,2
C004838,351.6,3
C004839,321.9,2
C004840,313.3,0
C004841,108.2,5
C004842,344.1,3
C004843,278.7,1
C004844,231.7,1
C004845,243.8,1
C004846,270.6,3
C004847,229.7,0
C004848,221.6,8
C004849,171.8,2
C004850,290.8,2
C004851,237.1,3
C004852,186.6,0
C004853,257.8,1
C004854,253.4,1
C004855,290.5,4
C004856,247.6,0
C004857,299.3,0
C004858,228.2,2
C004859,233.9,2
C004860,272.2,2
C004861,281.0,1
C004862,346.9,2
C004863,333.8,0
C004864,246.5,0
C004865,137.2,1
C004866,304.7,0
C004867,292.2,0
C004868,267.4,0
C004869,311.9,1
C004870,220.5,0
C004871,122.4,1
C004872,180.1,1
C004873,50.0,0
C004874,285.5,3
C004875,244.7,0
C004876,318.9,2
C004877,310.3,0
C004878,210.8,0
C004879,184.0,2
C004880,187.0,2
C004881,403.2,0
C004882,237.9,0
C004883,228.1,1
C004884,273.3,0
C004885,123.1,4
C004886,218.2,1
C004887,181.5,1
C004888,164.7,0
C004889,229.0,0
C004890,253.8,0
C004891,149.6,0
C004892,220.8,1
C004893,256.4,4
C004894,286.1,2
C004895,228.2,3
C004896,276.4,1
C004897,221.8,1
C004898,352.5,0
C004899,293.5,0
C004900,196.3,1
C004901,210.4,2
C004902,281.4,0
C004903,208.0,6
C004904,95.6,1
C004905,273.7,1
C004906,219.3,3
C004907,304.4,6
C004908,253.3,2
C004909,301.7,2
C004910,451.5,1
C004911,352.6,2
C004912,221.9,2
C004913,283.9,1
C004914,259.4,0
C004915,271.5,0
C004916,124.6,0
C004917,334.4,4
C004918,65.6,2
C004919,248.6,2
C004920,109.5,1
C004921,193.7,1
C004922,266.8,1
C004923,319.5,0
C004924,331.8,4
C004925,234.6,9
C004926,329.2,0
C004927,245.0,2
C004928,193.0,2
C004929,279.9,1
C004930,176.6,2
C004931,239.3,2
C004932,211.7,2
C004933,126.0,1
C004934,276.4,0
C004935,261.5,6
C004936,342.0,1
C004937,100.5,3
C004938,192.9,2
C004939,340.2,1
C004940,292.4,2
C004941,307.9,0
C004942,366.1,0
C004943,188.8,0
C004944,180.9,1
C004945,318.5,4
C004946,300.7,1
C004947,240.0,2
C004948,237.7,2
C004949,172.3,5
C004950,376.3,2
C004951,412.1,4
C004952,339.4,1
C004953,302.2,1
C004954,297.2,1
C004955,276.5,1
C004956,109.0,3
C004957,211.9,4
C004958,315.6,0
C004959,182.2,6
C004960,262.4,0
C004961,342.6,1
C004962,343.8,2
C004963,325.0,2
C004964,272.7,1
C004965,313.8,0
C004966,230.7,3
C004967,386.2,5
C004968,122.7,4
C004969,255.4,3
C004970,212.3,0
C004971,304.6,1
C004972,222.8,4
C004973,443.5,0
C004974,323.3,1
C004975,170.1,0
C004976,50.0,4
C004977,159.0,0
C004978,294.9,4
C004979,228.9,0
C004980,204.1,4
C004981,192.1,0
C004982,316.4,3
C004983,223.5,4
C004984,215.2,0
C004985,329.6,0
C004986,375.0,0
C004987,160.9,1
C004988,344.3,3
C004989,241.2,2
C004990,323.5,5
C004991,302.4,0
C004992,251.6,1
C004993,255.0,2
C004994,303.5,0
C004995,162.3,2
C004996,158.6,0
C004997,416.5,3
C004998,343.4,1
C004999,329.4,2
C005000,237.5,0
C005001,118.9,2
C005002,207.6,1
C005003,282.8,2
C005004,342.1,2
C005005,284.3,0
C005006,286.5,0
C005007,236.3,2
C005008,302.0,1
C005009,177.3,1
C005010,259.9,1
C005011,231.6,2
C005012,365.6,1
C005013,50.0,7
C005014,237.9,2
C005015,269.9,2
C005016,101.7,2
C005017,309.2,0
C005018,239.5,5
C005019,173.7,0
C005020,331.5,1
C005021,190.5,0
C005022,314.7,2
C005023,264.9,0
C005024,217.2,0
C005025,169.3,0
C005026,192.9,0
C005027,320.4,3
C005028,342.2,2
C005029,305.6,1
C005030,247.7,1
C005031,305.4,1
C005032,275.3,2
C005033,201.8,0
C005034,176.7,1
C005035,224.9,2
C005036,199.2,0
C005037,260.4,0
C005038,378.5,1
C005039,272.4,0
C005040,367.5,1
C005041,250.0,0
C005042,236.6,0
C005043,128.8,0
C005044,301.2,1
C005045,197.5,0
C005046,181.1,0
C005047,168.9,0
C005048,278.3,0
C005049,203.8,2
C005050,381.7,3
C005051,339.5,2
C005052,207.3,0
C005053,60.1,0
C005054,259.5,1
C005055,225.2,0
C005056,321.2,3
C005057,251.1,0
C005058,342.1,1
C005059,289.5,0
C005060,147.9,1
C005061,190.2,0
C005062,213.6,3
C005063,236.5,1
C005064,228.4,2
C005065,307.5,1
C005066,290.2,6
C005067,216.3,0
C005068,303.0,1
C005069,156.3,5
C005070,305.9,0
C005071,319.5,3
C005072,272.0,1
C005073,292.1,3
C005074,302.6,0
C005075,333.8,2
C005076,309.3,2
C005077,346.6,2
C005078,124.2,1
C005079,260.6,1
C005080,246.3,0
C005081,262.2,2
C005082,322.1,3
C005083,260.3,1
C005084,257.1,0
C005085,287.4,0
C005086,129.5,0
C005087,374.5,3
C005088,241.6,0
C005089,368.2,7
C005090,181.6,2
C005091,177.0,1
C005092,231.8,1
C005093,252.9,0
C005094,209.4,1
C005095,185.6,1
C005096,279.6,0
C005097,366.0,3
C005098,382.7,1
C005099,226.5,1
C005100,163.7,1
C005101,229.0,0
C005102,386.9,2
C005103,332.3,0
C005104,280.9,4
C005105,212.6,0
C005106,323.0,2
C005107,431.0,1
C005108,238.6,3
C005109,92.4,1
C005110,167.9,1
C005111,255.0,2
C005112,237.5,1
C005113,358.8,2
C005114,202.7,3
C005115,236.0,3
C005116,198.2,3
C005117,312.3,2
C005118,181.2,0
C005119,231.2,1
C005120,128.1,1
C005121,207.7,1
C005122,383.0,1
C005123,392.1,0
C005124,303.9,1
C005125,285.3,3
C005126,199.7,2
C005127,265.9,6
C005128,263.3,2
C005129,251.4,1
C005130,314.5,3
C005131,174.5,1
C005132,455.0,1
C005133,380.0,2
C005134,185.0,3
C005135,258.6,1
C005136,202.1,0
C005137,300.9,0
C005138,242.9,1
C005139,99.5,0
C005140,176.3,4
C005141,356.1,1
C005142,232.5,1
C005143,231.8,0
C005144,303.5,0
C005145,325.2,2
C005146,242.9,1
C005147,76.7,2
C005148,185.8,0
C005149,78.5,1
C005150,138.0,0
C005151,256.2,0
C005152,253.7,1
C005153,352.0,2
C005154,247.4,1
C005155,179.7,2
C005156,346.2,2
C005157,390.1,0
C005158,323.3,1
C005159,244.6,2
C005160,225.4,3
C005161,154.7,9
C005162,186.8,0
C005163,214.1,2
C005164,144.1,1
C005165,223.2,2
C005166,227.5,0
C005167,352.0,3
C005168,120.5,1
C005169,263.8,0
C005170,141.1,1
C005171,93.5,4
C005172,210.5,4
C005173,251.5,2
C005174,351.8,1
C005175,228.5,3
C005176,206.9,0
C005177,193.8,2
C005178,208.6,1
C005179,50.0,0
C005180,184.5,1
C005181,314.1,4
C005182,53.7,0
C005183,216.8,1
C005184,226.9,1
C005185,307.3,0
C005186,259.3,2
C005187,283.7,0
C005188,190.3,1
C005189,109.3,1
C005190,207.6,6
C005191,238.6,8
C005192,342.6,2
C005193,135.8,3
C005194,417.1,0
C005195,263.8,5
C005196,189.1,1
C005197,185.0,1
C005198,237.2,1
C005199,244.6,0
C005200,251.1,3
C005201,301.0,0
C005202,197.1,1
C005203,258.5,5
C005204,223.2,6
C005205,381.7,1
C005206,105.4,2
C005207,421.6,1
C005208,179.3,1
C005209,163.2,1
C005210,226.3,1
C005211,267.3,3
C005212,220.9,1
C005213,297.8,0
C005214,214.0,1
C005215,198.5,2
C005216,176.0,2
C005217,350.8,2
C005218,280.8,3
C005219,157.4,2
C005220,213.8,1
C005221,144.1,7
C005222,468.1,0
C005223,264.6,0
C005224,90.8,1
C005225,141.2,1
C005226,150.0,0
C005227,273.4,0
C005228,114.2,1
C005229,140.8,0
C005230,229.9,0
C005231,243.4,2
C005232,205.7,1
C005233,216.8,0
C005234,135.2,1
C005235,285.7,5
C005236,89.9,1
C005237,236.8,0
C005238,392.4,0
C005239,220.7,0
C005240,138.1,4
C005241,240.7,0
C005242,225.3,0
C005243,264.8,0
C005244,263.5,9
C005245,327.0,0
C005246,209.8,1
C005247,183.1,1
C005248,185.2,2
C005249,197.5,1
C005250,272.9,0
C005251,139.3,3
C005252,174.4,0
C005253,254.0,4
C005254,346.4,1
C005255,179.2,4
C005256,277.9,1
C005257,233.3,1
C005258,290.3,6
C005259,254.8,0
C005260,252.2,2
C005261,454.2,0
C005262,484.4,0
C005263,229.0,1
C005264,176.6,4
C005265,269.4,3
C005266,298.3,5
C005267,355.7,1
C005268,70.4,0
C005269,217.1,0
C005270,209.4,1
C005271,185.4,3
C005272,130.3,1
C005273,232.0,2
C005274,306.4,0
C005275,150.4,1
C005276,257.0,0
C005277,283.6,7
C005278,381.5,1
C005279,300.8,3
C005280,243.2,0
C005281,274.9,0
C005282,311.0,0
C005283,259.7,2
C005284,312.9,3
C005285,223.4,0
C005286,346.0,6
C005287,209.2,0
C005288,195.1,1
C005289,212.5,3
C005290,172.4,2
C005291,310.4,2
C005292,124.2,1
C005293,215.3,4
C005294,276.0,0
C005295,251.0,8
C005296,246.6,2
C005297,238.6,2
C005298,263.2,2
C005299,169.8,3
C005300,211.6,1
C005301,229.4,1
C005302,286.5,0
C005303,325.4,0
C005304,239.4,2
C005305,308.7,3
C005306,257.2,1
C005307,244.3,0
C005308,312.8,0
C005309,134.2,1
C005310,285.4,1
C005311,195.1,3
C005312,333.1,1
C005313,197.4,1
C005314,225.2,1
C005315,124.8,1
C005316,279.4,1
C005317,216.6,1
C005318,207.0,8
C005319,252.2,0
C005320,116.4,1
C005321,194.5,1
C005322,235.1,1
C005323,367.2,1
C005324,264.7,2
C005325,281.7,1
C005326,255.0,2
C005327,500.0,2
C005328,321.9,1
C005329,87.4,2
C005330,267.8,0
C005331,337.2,2
C005332,133.9,0
C005333,258.4,0
C005334,207.0,1
C005335,181.6,0
C005336,356.9,3
C005337,197.0,0
C005338,197.7,0
C005339,177.9,1
C005340,162.9,0
C005341,206.3,0
C005342,202.3,3
C005343,155.0,2
C005344,247.8,1
C005345,50.0,3
C005346,258.1,1
C005347,328.1,2
C005348,207.5,1
C005349,278.3,0
C005350,229.8,5
C005351,438.2,1
C005352,327.9,1
C005353,180.7,2
C005354,353.3,1
C005355,442.9,2
C005356,232.7,1
C005357,288.9,0
C005358,331.0,1
C005359,160.4,2
C005360,103.3,2
C005361,262.8,3
C005362,184.2,1
C005363,232.5,0
C005364,332.0,0
C005365,295.2,2
C005366,294.7,0
C005367,239.7,3
C005368,198.4,0
C005369,193.3,1
C005370,389.5,2
C005371,430.5,2
C005372,336.3,3
C005373,227.5,0
C005374,161.0,2
C005375,467.7,0
C005376,286.3,1
C005377,284.5,0
C005378,202.2,3
C005379,305.1,2
C005380,233.4,4
C005381,165.6,0
C005382,222.9,2
C005383,282.2,0
C005384,372.7,3
C005385,124.0,3
C005386,150.9,0
C005387,215.9,4
C005388,175.1,3
C005389,250.2,1
C005390,210.7,0
C005391,260.0,1
C005392,263.4,1
C005393,141.7,0
C005394,233.3,0
C005395,186.1,4
C005396,341.1,0
C005397,195.6,0
C005398,210.4,1
C005399,177.4,1
C005400,247.6,3
C005401,237.8,3
C005402,368.5,0
C005403,247.6,0
C005404,357.6,1
C005405,373.1,1
C005406,221.7,1
C005407,236.0,2
C005408,204.1,1
C005409,151.8,1
C005410,438.7,4
C005411,204.5,0
C005412,177.9,2
C005413,165.1,1
C005414,200.0,0
C005415,225.7,0
C005416,349.4,3
C005417,395.0,0
C005418,83.5,6
C005419,377.0,1
C005420,384.2,2
C005421,200.4,0
C005422,177.1,1
C005423,291.8,2
C005424,198.9,7
C005425,369.8,0
C005426,289.3,0
C005427,189.6,0
C005428,273.4,0
C005429,255.6,0
C005430,96.4,0
C005431,171.0,0
C005432,197.4,1
C005433,280.4,1
C005434,295.3,3
C005435,346.5,1
C005436,193.6,1
C005437,131.4,1
C005438,182.2,0
C005439,193.5,9
C005440,185.9,0
C005441,248.3,1
C005442,305.9,1
C005443,217.1,1
C005444,290.1,0
C005445,327.6,1
C005446,249.2,5
C005447,159.0,1
C005448,227.7,2
C005449,331.6,0
C005450,300.4,0
C005451,164.6,1
C005452,344.2,1
C005453,223.6,1
C005454,164.2,0
C005455,247.4,1
C005456,128.0,2
C005457,302.0,1
C005458,341.6,0
C005459,169.9,0
C005460,236.5,0
C005461,319.7,2
C005462,143.5,0
C005463,152.3,2
C005464,231.0,3
C005465,227.7,0
C005466,253.9,1
C005467,241.6,1
C005468,143.6,1
C005469,120.8,0
C005470,144.6,4
C005471,290.2,0
C005472,326.1,1
C005473,242.9,2
C005474,306.8,2
C005475,201.3,1
C005476,220.6,0
C005477,323.9,0
C005478,287.2,2
C005479,264.1,4
C005480,238.2,0
C005481,157.3,0
C005482,256.8,0
C005483,274.8,0
C005484,426.6,3
C005485,243.7,1
C005486,220.4,1
C005487,272.5,0
C005488,365.9,2
C005489,278.2,0
C005490,235.7,0
C005491,187.2,2
C005492,183.4,0
C005493,312.5,1
C005494,227.0,1
C005495,410.6,0
C005496,256.7,0
C005497,289.0,0
C005498,205.7,1
C005499,184.2,5
C005500,311.1,2
C005501,345.7,0
C005502,170.5,0
C005503,191.2,0
C005504,197.3,0
C005505,304.1,0
C005506,278.9,4
C005507,242.1,3
C005508,187.6,2
C005509,378.6,0
C005510,328.2,0
C005511,90.4,1
C005512,318.5,3
C005513,226.9,1
C005514,201.9,1
C005515,311.3,0
C005516,278.1,5
C005517,257.1,3
C005518,178.1,1
C005519,331.2,2
C005520,151.1,2
C005521,311.9,1
C005522,257.2,1
C005523,247.1,1
C005524,205.9,0
C005525,263.2,1
C005526,140.0,1
C005527,348.8,0
C005528,217.8,3
C005529,194.8,1
C005530,234.3,4
C005531,220.1,3
C005532,349.5,6
C005533,111.3,0
C005534,244.1,0
C005535,376.6,1
C005536,255.5,1
C005537,265.1,0
C005538,247.7,6
C005539,198.1,1
C005540,293.2,6
C005541,234.7,1
C005542,261.3,0
C005543,293.9,2
C005544,285.4,0
C005545,257.7,2
C005546,321.9,1
C005547,330.9,0
C005548,312.8,1
C005549,334.4,1
C005550,358.5,1
C005551,153.5,1
C005552,470.6,1
C005553,262.5,1
C005554,230.6,0
C005555,263.5,1
C005556,131.9,8
C005557,268.7,3
C005558,186.6,1
C005559,255.8,3
C005560,261.6,5
C005561,202.6,2
C005562,105.7,1
C005563,271.9,2
C005564,249.9,3
C005565,265.4,1
C005566,216.3,7
C005567,197.4,2
C005568,232.8,2
C005569,261.1,1
C005570,303.9,3
C005571,185.2,5
C005572,313.3,2
C005573,302.3,1
C005574,291.6,2
C005575,396.4,2
C005576,109.2,4
C005577,406.0,4
C005578,197.7,1
C005579,269.3,0
C005580,253.5,1
C005581,142.9,0
C005582,292.3,7
C005583,319.1,0
C005584,283.8,0
C005585,131.9,3
C005586,150.8,4
C005587,194.2,0
C005588,351.8,0
C005589,257.7,4
C005590,89.9,0
C005591,415.1,0
C005592,370.0,3
C005593,163.1,1
C005594,217.3,0
C005595,227.1,0
C005596,291.9,3
C005597,265.9,2
C005598,195.5,0
C005599,354.9,3
C005600,389.5,1
C005601,246.0,1
C005602,204.1,3
C005603,377.6,1
C005604,74.4,3
C005605,178.5,2
C005606,328.3,3
C005607,361.3,3
C005608,224.4,0
C005609,432.4,0
C005610,54.4,1
C005611,337.6,0
C005612,256.9,2
C005613,211.1,1
C005614,320.2,3
C005615,218.8,1
C005616,163.0,0
C005617,259.2,5
C005618,245.7,1
C005619,187.6,1
C005620,204.1,5
C005621,217.0,0
C005622,119.9,1
C005623,114.7,2
C005624,324.6,2
C005625,136.1,3
C005626,248.6,1
C005627,100.5,3
C005628,370.5,2
C005629,228.4,1
C005630,339.4,0
C005631,419.2,1
C005632,146.9,1
C005633,195.5,1
C005634,319.8,1
C005635,199.4,1
C005636,273.2,2
C005637,258.2,0
C005638,62.6,1
C005639,325.5,2
C005640,239.0,0
C005641,154.5,1
C005642,373.7,7
C005643,193.8,3
C005644,189.4,1
C005645,105.9,1
C005646,297.6,0
C005647,253.4,2
C005648,110.9,0
C005649,269.7,5
C005650,316.2,0
C005651,287.0,2
C005652,356.0,1
C005653,201.7,0
C005654,391.4,2
C005655,250.3,2
C005656,314.0,1
C005657,352.2,2
C005658,462.0,2
C005659,163.5,3
C005660,190.8,0
C005661,265.2,4
C005662,220.3,2
C005663,185.9,1
C005664,128.0,6
C005665,260.1,1
C005666,313.6,0
C005667,278.2,0
C005668,119.6,2
C005669,121.5,0
C005670,254.9,0
C005671,230.9,1
C005672,224.6,9
C005673,227.8,0
C005674,210.1,4
C005675,261.9,6
C005676,338.1,0
C005677,175.3,1
C005678,286.2,1
C005679,256.6,3
C005680,107.4,2
C005681,197.5,6
C005682,250.8,1
C005683,423.2,3
C005684,192.0,1
C005685,201.2,2
C005686,283.1,0
C005687,240.9,0
C005688,149.1,5
C005689,111.2,5
C005690,101.1,1
C005691,318.0,0
C005692,167.6,0
C005693,439.6,0
C005694,207.7,3
C005695,311.7,5
C005696,157.1,2
C005697,265.2,1
C005698,363.1,0
C005699,222.0,1
C005700,163.2,3
C005701,220.2,1
C005702,232.7,0
C005703,171.1,2
C005704,382.2,4
C005705,251.5,0
C005706,352.4,2
C005707,336.0,1
C005708,386.1,0
C005709,149.3,1
C005710,301.6,3
C005711,209.7,2
C005712,238.6,0
C005713,163.5,2
C005714,436.0,2
C005715,191.2,1
C005716,302.2,4
C005717,147.1,2
C005718,229.6,1
C005719,334.8,7
C005720,277.8,1
C005721,174.7,0
C005722,192.8,1
C005723,263.0,1
C005724,248.6,0
C005725,145.0,1
C005726,219.5,0
C005727,238.3,0
C005728,295.5,3
C005729,331.0,2
C005730,303.7,0
C005731,277.2,4
C005732,279.0,8
C005733,288.2,1
C005734,326.5,2
C005735,385.4,5
C005736,172.2,8
C005737,214.1,6
C005738,330.8,0
C005739,170.4,2
C005740,146.4,1
C005741,198.7,0
C005742,255.9,1
C005743,211.7,2
C005744,279.6,4
C005745,227.3,1
C005746,222.4,1
C005747,116.5,3
C005748,297.9,2
C005749,299.0,2
C005750,235.0,0
C005751,261.9,3
C005752,261.8,0
C005753,334.1,1
C005754,267.8,3
C005755,143.2,0
C005756,402.6,6
C005757,353.1,1
C005758,254.0,1
C005759,262.4,1
C005760,273.1,2
C005761,188.3,2
C005762,339.2,0
C005763,330.8,1
C005764,243.1,3
C005765,303.8,1
C005766,333.5,3
C005767,268.2,0
C005768,167.5,0
C005769,304.9,3
C005770,254.5,5
C005771,162.4,0
C005772,332.8,2
C005773,269.0,2
C005774,231.6,1
C005775,415.8,0
C005776,206.4,2
C005777,174.6,0
C005778,262.5,8
C005779,237.6,1
C005780,205.3,0
C005781,362.7,1
C005782,160.2,0
C005783,274.8,1
C005784,257.0,2
C005785,249.1,1
C005786,342.4,0
C005787,414.3,1
C005788,250.0,1
C005789,321.1,0
C005790,253.3,1
C005791,256.3,5
C005792,286.1,1
C005793,263.5,1
C005794,177.1,2
C005795,356.5,4
C005796,286.0,1
C005797,246.3,0
C005798,199.9,0
C005799,273.4,0
C005800,230.5,1
C005801,264.6,2
C005802,234.9,2
C005803,183.5,2
C005804,378.8,0
C005805,174.5,5
C005806,187.5,1
C005807,304.3,0
C005808,274.8,1
C005809,302.9,2
C005810,290.3,0
C005811,189.8,0
C005812,303.6,1
C005813,198.6,1
C005814,334.3,1
C005815,170.2,2
C005816,186.6,1
C005817,188.8,1
C005818,274.8,2
C005819,245.8,5
C005820,259.2,1
C005821,240.6,1
C005822,245.7,6
C005823,211.4,3
C005824,129.1,5
C005825,138.4,2
C005826,185.9,1
C005827,224.2,1
C005828,367.2,9
C005829,168.5,0
C005830,162.6,0
C005831,104.4,7
C005832,290.1,0
C005833,232.9,1
C005834,146.5,0
C005835,247.7,1
C005836,203.3,2
C005837,353.6,2
C005838,196.4,0
C005839,385.8,4
C005840,263.8,1
C005841,218.4,1
C005842,229.4,0
C005843,273.5,1
C005844,228.5,3
C005845,175.9,7
C005846,300.5,3
C005847,329.3,1
C005848,332.2,5
C005849,237.2,3
C005850,337.3,1
C005851,275.2,0
C005852,226.6,1
C005853,205.1,1
C005854,323.7,1
C005855,115.4,0
C005856,361.1,6
C005857,260.1,0
C005858,202.2,10
C005859,192.8,3
C005860,214.5,3
C005861,306.5,0
C005862,274.9,2
C005863,213.3,0
C005864,206.7,2
C005865,275.1,3
C005866,469.5,0
C005867,468.7,5
C005868,334.1,2
C005869,188.0,4
C005870,310.3,7
C005871,190.5,1
C005872,231.7,2
C005873,359.3,0
C005874,230.5,2
C005875,227.4,0
C005876,209.5,1
C005877,184.6,1
C005878,229.1,2
C005879,309.2,0
C005880,304.1,5
C005881,273.5,0
C005882,344.1,0
C005883,112.0,0
C005884,254.2,1
C005885,193.3,0
C005886,408.7,2
C005887,229.5,0
C005888,309.3,8
C005889,329.8,1
C005890,220.1,0
C005891,324.4,0
C005892,333.4,1
C005893,313.2,2
C005894,208.2,1
C005895,135.5,5
C005896,421.1,2
C005897,226.7,1
C005898,330.3,1
C005899,212.8,5
C005900,417.8,2
C005901,210.1,0
C005902,258.0,1
C005903,435.8,2
C005904,122.1,3
C005905,346.5,7
C005906,248.0,2
C005907,306.6,0
C005908,222.2,1
C005909,380.9,2
C005910,185.0,3
C005911,253.0,1
C005912,324.8,0
C005913,184.4,1
C005914,260.2,1
C005915,168.0,8
C005916,217.8,2
C005917,460.0,1
C005918,357.3,4
C005919,303.3,0
C005920,279.5,2
C005921,124.7,0
C005922,235.1,1
C005923,323.8,1
C005924,214.6,4
C005925,278.8,2
C005926,169.7,1
C005927,163.0,0
C005928,432.5,0
C005929,420.3,3
C005930,243.2,0
C005931,187.7,2
C005932,174.6,0
C005933,282.1,5
C005934,404.8,2
C005935,194.1,0
C005936,265.9,0
C005937,261.9,2
C005938,383.3,2
C005939,272.5,0
C005940,138.3,0
C005941,310.2,1
C005942,263.7,0
C005943,180.6,1
C005944,334.8,3
C005945,225.0,0
C005946,276.7,1
C005947,261.6,1
C005948,226.1,0
C005949,185.1,1
C005950,294.8,0
C005951,152.4,1
C005952,324.3,1
C005953,181.7,2
C005954,156.8,1
C005955,362.2,0
C005956,257.5,1
C005957,97.7,1
C005958,249.0,2
C005959,298.9,3
C005960,301.1,2
C005961,188.1,0
C005962,199.4,0
C005963,263.1,1
C005964,333.1,1
C005965,144.8,0
C005966,149.4,2
C005967,359.7,0
C005968,347.4,0
C005969,174.6,1
C005970,219.0,1
C005971,418.6,3
C005972,320.4,1
C005973,246.1,0
C005974,341.4,0
C005975,211.4,3
C005976,262.6,1
C005977,225.2,2
C005978,306.6,2
C005979,306.2,2
C005980,267.9,1
C005981,290.3,4
C005982,340.9,1
C005983,287.3,0
C005984,268.0,0
C005985,284.1,0
C005986,347.0,4
C005987,176.1,0
C005988,283.3,2
C005989,99.0,2
C005990,227.4,0
C005991,400.8,3
C005992,186.8,0
C005993,119.5,0
C005994,174.3,0
C005995,307.0,0
C005996,239.5,1
C005997,169.5,4
C005998,346.6,5
C005999,284.2,1
C006000,157.5,3
